use ARTGALLERY
go
INSERT INTO [users] ([role],[avatar],first_name,last_name,email,gender,birth_of_date,[password],[phone_number],[status],username,created_at)
values (2,'seller1.jpg','Kiet','Tran','trananhkietzxz@gmail.com',1,'2000-02-06','$2y$10$i6ekL7NcL2rRS762PAKpueRA4Gyslq3SaS7BCVl4Nn0ISNVc1tGbu','0763820602',1,'KietTran','2024-08-01')
INSERT INTO [sellers](id,income,created_at)
VALUES (1,1500,'2024-08-01')
INSERT INTO [cart](id,total,created_at)
VALUES (1,0,'2024-08-01')
INSERT INTO [users] ([role],[avatar],first_name,last_name,email,gender,birth_of_date,[password],[phone_number],[status],username,created_at)
values (2,'seller1.jpg','Kiet','Tran','thongst07vn@gmail.com',1,'2000-02-06','$2y$10$i6ekL7NcL2rRS762PAKpueRA4Gyslq3SaS7BCVl4Nn0ISNVc1tGbu','0763820602',1,'Thong','2024-08-01')
INSERT INTO [sellers](id,income,created_at)
VALUES (2,1500,'2024-08-01')
INSERT INTO [cart](id,total,created_at)
VALUES (2,0,'2024-08-01')

INSERT INTO [categories] ( [name],[description],created_at)
values 
('painting','','2024-10-10 00:00:00.000'),
('drawing','','2024-10-10 00:00:00.000'),
('mix media','','2024-10-10 00:00:00.000'),
('sculpture','','2024-10-10 00:00:00.000'),
('print making','','2024-10-10 00:00:00.000'),
('digital','','2024-10-10 00:00:00.000')
INSERT INTO [product_attributes] (type, value) VALUES ('Origin', 'Argentina');
INSERT INTO [product_attributes] (type, value) VALUES ('Origin', 'Australia');
INSERT INTO [product_attributes] (type, value) VALUES ('Origin', 'Austria');
INSERT INTO [product_attributes] (type, value) VALUES ('Origin', 'Belgium');
INSERT INTO [product_attributes] (type, value) VALUES ('Origin', 'Brazil');
INSERT INTO [product_attributes] (type, value) VALUES ('Origin', 'Canada');
INSERT INTO [product_attributes] (type, value) VALUES ('Origin', 'China');
INSERT INTO [product_attributes] (type, value) VALUES ('Origin', 'Costa Rica');
INSERT INTO [product_attributes] (type, value) VALUES ('Origin', 'Czech Republic');
INSERT INTO [product_attributes] (type, value) VALUES ('Origin', 'France');
INSERT INTO [product_attributes] (type, value) VALUES ('Origin', 'Germany');
INSERT INTO [product_attributes] (type, value) VALUES ('Origin', 'Greece');
INSERT INTO [product_attributes] (type, value) VALUES ('Origin', 'Hong Kong');
INSERT INTO [product_attributes] (type, value) VALUES ('Origin', 'Hungary');
INSERT INTO [product_attributes] (type, value) VALUES ('Origin', 'India');
INSERT INTO [product_attributes] (type, value) VALUES ('Origin', 'Ireland');
INSERT INTO [product_attributes] (type, value) VALUES ('Origin', 'Israel');
INSERT INTO [product_attributes] (type, value) VALUES ('Origin', 'Italy');
INSERT INTO [product_attributes] (type, value) VALUES ('Origin', 'Japan');
INSERT INTO [product_attributes] (type, value) VALUES ('Origin', 'Mexico');
INSERT INTO [product_attributes] (type, value) VALUES ('Origin', 'Netherlands');
INSERT INTO [product_attributes] (type, value) VALUES ('Origin', 'New Zealand');
INSERT INTO [product_attributes] (type, value) VALUES ('Origin', 'Norway');
INSERT INTO [product_attributes] (type, value) VALUES ('Origin', 'Poland');
INSERT INTO [product_attributes] (type, value) VALUES ('Origin', 'Portugal');
INSERT INTO [product_attributes] (type, value) VALUES ('Origin', 'Serbia');
INSERT INTO [product_attributes] (type, value) VALUES ('Origin', 'Slovakia');
INSERT INTO [product_attributes] (type, value) VALUES ('Origin', 'South Korea');
INSERT INTO [product_attributes] (type, value) VALUES ('Origin', 'Spain');
INSERT INTO [product_attributes] (type, value) VALUES ('Origin', 'Sweden');
INSERT INTO [product_attributes] (type, value) VALUES ('Origin', 'Switzerland');
INSERT INTO [product_attributes] (type, value) VALUES ('Origin', 'Taiwan');
INSERT INTO [product_attributes] (type, value) VALUES ('Origin', 'Turkey');
INSERT INTO [product_attributes] (type, value) VALUES ('Origin', 'Ukraine');
INSERT INTO [product_attributes] (type, value) VALUES ('Origin', 'United Kingdom');
INSERT INTO [product_attributes] (type, value) VALUES ('Origin', 'United States');
INSERT INTO [product_attributes] (type, value) VALUES ('Origin', 'Venezuela');
INSERT INTO [product_attributes] (type, value) VALUES ('Size', '100W x 100H x 4D cm');
INSERT INTO [product_attributes] (type, value) VALUES ('Size', '110W x 81H x 12D cm');
INSERT INTO [product_attributes] (type, value) VALUES ('Size', '120W x 91H x 3.8D cm');
INSERT INTO [product_attributes] (type, value) VALUES ('Size', '150 W x 155 H x 20 D cm');
INSERT INTO [product_attributes] (type, value) VALUES ('Size', '160 W x 100 H x 3 D cm');
INSERT INTO [product_attributes] (type, value) VALUES ('Size', '213.4 W x 152.4 H x 2.5 D cm');
INSERT INTO [product_attributes] (type, value) VALUES ('Size', '24 W x 18 H x 0.1 D cm');
INSERT INTO [product_attributes] (type, value) VALUES ('Size', '25.4 W x 20.3 H x 0.3 D cm');
INSERT INTO [product_attributes] (type, value) VALUES ('Size', '30 W x 29.3 H x 0.1 D cm');
INSERT INTO [product_attributes] (type, value) VALUES ('Size', '34 W x 40 H x 4 D cm');
INSERT INTO [product_attributes] (type, value) VALUES ('Size', '40 W x 50 H x 0.1 D cm');
INSERT INTO [product_attributes] (type, value) VALUES ('Size', '44 W x 31 H x 17 D cm');
INSERT INTO [product_attributes] (type, value) VALUES ('Size', '50 W x 50 H x 0.1 D cm');
INSERT INTO [product_attributes] (type, value) VALUES ('Size', '51 W x 51 H x 2 D cm');
INSERT INTO [product_attributes] (type, value) VALUES ('Size', '58 W x 47 H x 0.1 D cm');
INSERT INTO [product_attributes] (type, value) VALUES ('Size', '60 W x 40 H x 0.1 D cm');
INSERT INTO [product_attributes] (type, value) VALUES ('Size', '65 W x 91.9 H x 0.3 D cm');
INSERT INTO [product_attributes] (type, value) VALUES ('Size', '70 W x 100 H x 0.3 D cm');
INSERT INTO [product_attributes] (type, value) VALUES ('Size', '80 W x 90 H x 2 D cm');
INSERT INTO [product_attributes] (type, value) VALUES ('Size', '96.5 W x 69.8 H x 0.3 D cm');
INSERT INTO [product_attributes] (type, value) VALUES ('Size', '99.1 W x 99.1 H x 2.5 D cm');
INSERT INTO [product_attributes] (type, value) VALUES ('Paint', 'acrylic');
INSERT INTO [product_attributes] (type, value) VALUES ('Paint', 'AI');
INSERT INTO [product_attributes] (type, value) VALUES ('Paint', 'bronze');
INSERT INTO [product_attributes] (type, value) VALUES ('Paint', 'Charcoal');
INSERT INTO [product_attributes] (type, value) VALUES ('Paint', 'clay');
INSERT INTO [product_attributes] (type, value) VALUES ('Paint', 'Graphite');
INSERT INTO [product_attributes] (type, value) VALUES ('Paint', 'Ink');
INSERT INTO [product_attributes] (type, value) VALUES ('Paint', 'linocuts');
INSERT INTO [product_attributes] (type, value) VALUES ('Paint', 'Metal');
INSERT INTO [product_attributes] (type, value) VALUES ('Paint', 'Monotype');
INSERT INTO [product_attributes] (type, value) VALUES ('Paint', 'oil');
INSERT INTO [product_attributes] (type, value) VALUES ('Paint', 'Pencil');
INSERT INTO [product_attributes] (type, value) VALUES ('Paint', 'screen printing');
INSERT INTO [product_attributes] (type, value) VALUES ('Paint', 'vector');
INSERT INTO [product_attributes] (type, value) VALUES ('Paint', 'water color');
INSERT INTO [product_attributes] (type, value) VALUES ('Paint', 'wood');
INSERT INTO [product_attributes] (type, value) VALUES ('Material', 'canvas');
INSERT INTO [product_attributes] (type, value) VALUES ('Material', 'paper');
INSERT INTO [product_attributes] (type, value) VALUES ('Material', 'wood');




INSERT INTO products ([seller_id], [type], [name], [description], [category_id], [price], [quantity], [created_at], [deleted_at], [image]) VALUES (1, 2, 'Hot Mess Geometric Wood Wall Sculpture', 'Experience the charm of a Hot Mess with this captivating geometric wood wall sculpture! Crafted from rich, natural wood, its intricate shapes and playful design bring warmth and creativity to any space. The perfect blend of art and nature, this sculpture invites curiosity and sparks conversation in a friendly, inviting way!', '4', '1780', '5', '9/30/24', null, 'https://images.saatchiart.com/saatchi/840901/art/11015947/10078241-CJHMGTQY-6.jpg');
INSERT INTO products ([seller_id], [type], [name], [description], [category_id], [price], [quantity], [created_at], [deleted_at], [image]) VALUES (1, 2, 'Lily Pond Hand knotted Rug', 'Immerse yourself in the serene beauty of the Lily Pond hand-knotted rug. Featuring delicate floral designs and tranquil colors, this exquisite piece transforms any space into a peaceful retreat. Each knot tells a story of craftsmanship, inviting warmth and charm into your home. Perfect for creating cozy, inviting atmospheres!', '4', '3910', '3', '9/30/24', null, 'https://images.saatchiart.com/saatchi/702066/art/5002903/4072725-HSC00001-6.jpg');
INSERT INTO products ([seller_id], [type], [name], [description], [category_id], [price], [quantity], [created_at], [deleted_at], [image]) VALUES (2, 1, 'NEXUS 18.01 - Series Archaic/Modern', 'Experience the charm of a  with this captivating geometric wood wall sculpture! Crafted from rich, natural wood, its intricate shapes and playful design bring warmth and creativity to any space. The perfect blend of art and nature, this sculpture invites curiosity and sparks conversation in a friendly, inviting way!', '4', '9220', '7', '9/30/24', null, 'https://images.saatchiart.com/saatchi/691112/art/6400255/5470015-HSC00001-6.jpg');
INSERT INTO products ([seller_id], [type], [name], [description], [category_id], [price], [quantity], [created_at], [deleted_at], [image]) VALUES (2, 1, 'Unknown Lady, Eva?', 'Experience the charm of a  with this captivating geometric wood wall sculpture! Crafted from rich, natural wood, its intricate shapes and playful design bring warmth and creativity to any space. The perfect blend of art and nature, this sculpture invites curiosity and sparks conversation in a friendly, inviting way!', '3', '2540', '3', '9/30/24', null, 'https://images.saatchiart.com/saatchi/656896/art/3040987/2110880-NNBXWZME-6.jpg');
INSERT INTO products ([seller_id], [type], [name], [description], [category_id], [price], [quantity], [created_at], [deleted_at], [image]) VALUES (2, 1, '# let the kids quiet...the donkeys arent stupid.', 'Experience the charm of a  with this captivating geometric wood wall sculpture! Crafted from rich, natural wood, its intricate shapes and playful design bring warmth and creativity to any space. The perfect blend of art and nature, this sculpture invites curiosity and sparks conversation in a friendly, inviting way!', '1', '590', '4', '9/30/24', null, 'pro1.jpg');
INSERT INTO products ([seller_id], [type], [name], [description], [category_id], [price], [quantity], [created_at], [deleted_at], [image]) VALUES (2, 1, '“I am a legend,”', 'Experience the charm of a  with this captivating geometric wood wall sculpture! Crafted from rich, natural wood, its intricate shapes and playful design bring warmth and creativity to any space. The perfect blend of art and nature, this sculpture invites curiosity and sparks conversation in a friendly, inviting way!', '6', '820', '6', '9/30/24', null, 'https://images.saatchiart.com/saatchi/660150/art/11037159/10099451-XPRBWYTE-6.jpg');
INSERT INTO products ([seller_id], [type], [name], [description], [category_id], [price], [quantity], [created_at], [deleted_at], [image]) VALUES (2, 1, '02.05.19', 'Experience the charm of a  with this captivating geometric wood wall sculpture! Crafted from rich, natural wood, its intricate shapes and playful design bring warmth and creativity to any space. The perfect blend of art and nature, this sculpture invites curiosity and sparks conversation in a friendly, inviting way!', '1', '1060', '4', '9/30/24', null, 'pro2.jpg');
INSERT INTO products ([seller_id], [type], [name], [description], [category_id], [price], [quantity], [created_at], [deleted_at], [image]) VALUES (2, 1, '039 GOO #2024', 'Experience the charm of a  with this captivating geometric wood wall sculpture! Crafted from rich, natural wood, its intricate shapes and playful design bring warmth and creativity to any space. The perfect blend of art and nature, this sculpture invites curiosity and sparks conversation in a friendly, inviting way!', '4', '1660', '2', '9/30/24', null, 'https://images.saatchiart.com/saatchi/663884/art/11819195/10881435-GEKFHPQF-6.jpg');
INSERT INTO products ([seller_id], [type], [name], [description], [category_id], [price], [quantity], [created_at], [deleted_at], [image]) VALUES (2, 1, '1 fresh srimp.', 'Experience the charm of a  with this captivating geometric wood wall sculpture! Crafted from rich, natural wood, its intricate shapes and playful design bring warmth and creativity to any space. The perfect blend of art and nature, this sculpture invites curiosity and sparks conversation in a friendly, inviting way!', '1', '4400', '2', '9/30/24', null, 'pro3.jpg');
INSERT INTO products ([seller_id], [type], [name], [description], [category_id], [price], [quantity], [created_at], [deleted_at], [image]) VALUES (2, 1, '692 Oh hey ho !', 'Experience the charm of a  with this captivating geometric wood wall sculpture! Crafted from rich, natural wood, its intricate shapes and playful design bring warmth and creativity to any space. The perfect blend of art and nature, this sculpture invites curiosity and sparks conversation in a friendly, inviting way!', '4', '1950', '2', '9/30/24', null, 'https://images.saatchiart.com/saatchi/338603/art/9200187/8263331-SANRCUBZ-6.jpg');
INSERT INTO products ([seller_id], [type], [name], [description], [category_id], [price], [quantity], [created_at], [deleted_at], [image]) VALUES (2, 1, 'A Coke in Ravello', 'Experience the charm of a  with this captivating geometric wood wall sculpture! Crafted from rich, natural wood, its intricate shapes and playful design bring warmth and creativity to any space. The perfect blend of art and nature, this sculpture invites curiosity and sparks conversation in a friendly, inviting way!', '2', '520', '5', '9/30/24', null, 'https://images.saatchiart.com/saatchi/7619/art/8658123/7721749-MORBXMMV-6.jpg');
INSERT INTO products ([seller_id], [type], [name], [description], [category_id], [price], [quantity], [created_at], [deleted_at], [image]) VALUES (2, 1, 'A Foggy Day. Etching. Limited Edition 1 of 20. Printed by the artist.', 'Experience the charm of a  with this captivating geometric wood wall sculpture! Crafted from rich, natural wood, its intricate shapes and playful design bring warmth and creativity to any space. The perfect blend of art and nature, this sculpture invites curiosity and sparks conversation in a friendly, inviting way!', '5', '410', '7', '9/30/24', null, 'https://images.saatchiart.com/saatchi/30411/art/1814637/965554-HSC00002-6.jpg');
INSERT INTO products ([seller_id], [type], [name], [description], [category_id], [price], [quantity], [created_at], [deleted_at], [image]) VALUES (2, 1, 'A Hair Under My Skin', 'Experience the charm of a  with this captivating geometric wood wall sculpture! Crafted from rich, natural wood, its intricate shapes and playful design bring warmth and creativity to any space. The perfect blend of art and nature, this sculpture invites curiosity and sparks conversation in a friendly, inviting way!', '2', '590', '3', '9/30/24', null, 'https://images.saatchiart.com/saatchi/399524/art/3589247/2659133-HSC00001-6.jpg');
INSERT INTO products ([seller_id], [type], [name], [description], [category_id], [price], [quantity], [created_at], [deleted_at], [image]) VALUES (2, 1, 'A look at the new reality.', 'Experience the charm of a  with this captivating geometric wood wall sculpture! Crafted from rich, natural wood, its intricate shapes and playful design bring warmth and creativity to any space. The perfect blend of art and nature, this sculpture invites curiosity and sparks conversation in a friendly, inviting way!', '3', '259', '5', '9/30/24', null, 'https://images.saatchiart.com/saatchi/1051973/art/11913561/10975791-QRWIKHRT-6.jpg');
INSERT INTO products ([seller_id], [type], [name], [description], [category_id], [price], [quantity], [created_at], [deleted_at], [image]) VALUES (2, 1, 'A Tangled Web Collection No. 2', 'Experience the charm of a  with this captivating geometric wood wall sculpture! Crafted from rich, natural wood, its intricate shapes and playful design bring warmth and creativity to any space. The perfect blend of art and nature, this sculpture invites curiosity and sparks conversation in a friendly, inviting way!', '6', '1530', '2', '9/30/24', null, 'https://images.saatchiart.com/saatchi/860142/art/9558737/8621839-ASKCZJGR-6.jpg');
INSERT INTO products ([seller_id], [type], [name], [description], [category_id], [price], [quantity], [created_at], [deleted_at], [image]) VALUES (2, 1, 'Abstract 1070', 'Experience the charm of a  with this captivating geometric wood wall sculpture! Crafted from rich, natural wood, its intricate shapes and playful design bring warmth and creativity to any space. The perfect blend of art and nature, this sculpture invites curiosity and sparks conversation in a friendly, inviting way!', '1', '890', '2', '9/30/24', null, 'pro4.jpg');
INSERT INTO products ([seller_id], [type], [name], [description], [category_id], [price], [quantity], [created_at], [deleted_at], [image]) VALUES (2, 1, 'Abstract composition M167 - Limited Edition (9 of 20)', 'Experience the charm of a  with this captivating geometric wood wall sculpture! Crafted from rich, natural wood, its intricate shapes and playful design bring warmth and creativity to any space. The perfect blend of art and nature, this sculpture invites curiosity and sparks conversation in a friendly, inviting way!', '5', '960', '2', '9/30/24', null, 'https://images.saatchiart.com/saatchi/328167/art/4018617/3088471-HSC00001-6.jpg');
INSERT INTO products ([seller_id], [type], [name], [description], [category_id], [price], [quantity], [created_at], [deleted_at], [image]) VALUES (2, 1, 'Abstract express 821', 'Experience the charm of a  with this captivating geometric wood wall sculpture! Crafted from rich, natural wood, its intricate shapes and playful design bring warmth and creativity to any space. The perfect blend of art and nature, this sculpture invites curiosity and sparks conversation in a friendly, inviting way!', '3', '1209', '4', '9/30/24', null, 'https://images.saatchiart.com/saatchi/337243/art/10633649/9696135-MMAUSJTK-6.jpg');
INSERT INTO products ([seller_id], [type], [name], [description], [category_id], [price], [quantity], [created_at], [deleted_at], [image]) VALUES (2, 1, 'Abyss #04', 'Experience the charm of a  with this captivating geometric wood wall sculpture! Crafted from rich, natural wood, its intricate shapes and playful design bring warmth and creativity to any space. The perfect blend of art and nature, this sculpture invites curiosity and sparks conversation in a friendly, inviting way!', '1', '2810', '4', '9/30/24', null, 'pro5.jpg');
INSERT INTO products ([seller_id], [type], [name], [description], [category_id], [price], [quantity], [created_at], [deleted_at], [image]) VALUES (2, 1, 'Add a little confetti to each day I+II', 'Experience the charm of a  with this captivating geometric wood wall sculpture! Crafted from rich, natural wood, its intricate shapes and playful design bring warmth and creativity to any space. The perfect blend of art and nature, this sculpture invites curiosity and sparks conversation in a friendly, inviting way!', '5', '380', '3', '9/30/24', null, 'https://images.saatchiart.com/saatchi/65556/art/6356093/5425857-HSC00002-6.jpg');
INSERT INTO products ([seller_id], [type], [name], [description], [category_id], [price], [quantity], [created_at], [deleted_at], [image]) VALUES (1, 1, 'after rothko / vibrant colors abstract', 'Experience the charm of a  with this captivating geometric wood wall sculpture! Crafted from rich, natural wood, its intricate shapes and playful design bring warmth and creativity to any space. The perfect blend of art and nature, this sculpture invites curiosity and sparks conversation in a friendly, inviting way!', '4', '5300', '1', '9/30/24', null, 'https://images.saatchiart.com/saatchi/735514/art/8759792/7823278-GBPDFWTS-6.jpg');
INSERT INTO products ([seller_id], [type], [name], [description], [category_id], [price], [quantity], [created_at], [deleted_at], [image]) VALUES (1, 1, 'after rothko/abstract lines', 'Experience the charm of a  with this captivating geometric wood wall sculpture! Crafted from rich, natural wood, its intricate shapes and playful design bring warmth and creativity to any space. The perfect blend of art and nature, this sculpture invites curiosity and sparks conversation in a friendly, inviting way!', '4', '5300', '7', '9/30/24', null, 'https://images.saatchiart.com/saatchi/735514/art/9414659/8477767-NBKEKOFF-6.jpg');
INSERT INTO products ([seller_id], [type], [name], [description], [category_id], [price], [quantity], [created_at], [deleted_at], [image]) VALUES (1, 1, 'All you have is...', 'Experience the charm of a  with this captivating geometric wood wall sculpture! Crafted from rich, natural wood, its intricate shapes and playful design bring warmth and creativity to any space. The perfect blend of art and nature, this sculpture invites curiosity and sparks conversation in a friendly, inviting way!', '3', '36270', '7', '9/30/24', null, 'https://images.saatchiart.com/saatchi/28818/art/3567023/2636909-BZHDFWUL-6.jpg');
INSERT INTO products ([seller_id], [type], [name], [description], [category_id], [price], [quantity], [created_at], [deleted_at], [image]) VALUES (1, 1, 'Anatomy of Color. Shadows (Triptych)', 'Experience the charm of a  with this captivating geometric wood wall sculpture! Crafted from rich, natural wood, its intricate shapes and playful design bring warmth and creativity to any space. The perfect blend of art and nature, this sculpture invites curiosity and sparks conversation in a friendly, inviting way!', '4', '6730', '3', '9/30/24', null, 'https://images.saatchiart.com/saatchi/862996/art/8736298/7799804-HSC00923-6.jpg');
INSERT INTO products ([seller_id], [type], [name], [description], [category_id], [price], [quantity], [created_at], [deleted_at], [image]) VALUES (1, 1, 'And drinks in Ravello', 'Experience the charm of a  with this captivating geometric wood wall sculpture! Crafted from rich, natural wood, its intricate shapes and playful design bring warmth and creativity to any space. The perfect blend of art and nature, this sculpture invites curiosity and sparks conversation in a friendly, inviting way!', '2', '520', '4', '9/30/24', null, 'https://images.saatchiart.com/saatchi/7619/art/8682231/7745830-HSC00923-6.jpg');
INSERT INTO products ([seller_id], [type], [name], [description], [category_id], [price], [quantity], [created_at], [deleted_at], [image]) VALUES (1, 1, 'Appropriations of geomorphological languages nº23', 'Experience the charm of a  with this captivating geometric wood wall sculpture! Crafted from rich, natural wood, its intricate shapes and playful design bring warmth and creativity to any space. The perfect blend of art and nature, this sculpture invites curiosity and sparks conversation in a friendly, inviting way!', '2', '280', '4', '9/30/24', null, 'https://images.saatchiart.com/saatchi/718973/art/7856103/6923956-HSC00001-6.jpg');
INSERT INTO products ([seller_id], [type], [name], [description], [category_id], [price], [quantity], [created_at], [deleted_at], [image]) VALUES (1, 1, 'Aurora Borealis - Limited Edition of 1', 'Experience the charm of a  with this captivating geometric wood wall sculpture! Crafted from rich, natural wood, its intricate shapes and playful design bring warmth and creativity to any space. The perfect blend of art and nature, this sculpture invites curiosity and sparks conversation in a friendly, inviting way!', '5', '330', '2', '9/30/24', null, 'https://images.saatchiart.com/saatchi/1138744/art/9182201/8245353-ATGITJCD-6.jpg');
INSERT INTO products ([seller_id], [type], [name], [description], [category_id], [price], [quantity], [created_at], [deleted_at], [image]) VALUES (1, 1, 'Autour de moi cest rouge', 'Experience the charm of a  with this captivating geometric wood wall sculpture! Crafted from rich, natural wood, its intricate shapes and playful design bring warmth and creativity to any space. The perfect blend of art and nature, this sculpture invites curiosity and sparks conversation in a friendly, inviting way!', '5', '740', '4', '9/30/24', null, 'https://images.saatchiart.com/saatchi/740962/art/11383157/10445415-AIOMDNES-6.jpg');
INSERT INTO products ([seller_id], [type], [name], [description], [category_id], [price], [quantity], [created_at], [deleted_at], [image]) VALUES (1, 1, 'Autumn metamorphosis', 'Experience the charm of a  with this captivating geometric wood wall sculpture! Crafted from rich, natural wood, its intricate shapes and playful design bring warmth and creativity to any space. The perfect blend of art and nature, this sculpture invites curiosity and sparks conversation in a friendly, inviting way!', '6', '690', '1', '9/30/24', null, 'https://images.saatchiart.com/saatchi/593840/art/9806095/8869139-HVKYFPJG-6.jpg');
INSERT INTO products ([seller_id], [type], [name], [description], [category_id], [price], [quantity], [created_at], [deleted_at], [image]) VALUES (1, 1, 'Balloon Flight', 'Experience the charm of a  with this captivating geometric wood wall sculpture! Crafted from rich, natural wood, its intricate shapes and playful design bring warmth and creativity to any space. The perfect blend of art and nature, this sculpture invites curiosity and sparks conversation in a friendly, inviting way!', '4', '5710', '3', '9/30/24', null, 'https://images.saatchiart.com/saatchi/5704/art/3858892/2928775-HSC00001-6.jpg');
INSERT INTO products ([seller_id], [type], [name], [description], [category_id], [price], [quantity], [created_at], [deleted_at], [image]) VALUES (1, 1, 'Barras en Rojo y Dorado', 'Experience the charm of a  with this captivating geometric wood wall sculpture! Crafted from rich, natural wood, its intricate shapes and playful design bring warmth and creativity to any space. The perfect blend of art and nature, this sculpture invites curiosity and sparks conversation in a friendly, inviting way!', '4', '3910', '5', '9/30/24', null, 'https://images.saatchiart.com/saatchi/283901/art/10337385/9400001-XYZVMVEW-6.jpg');
INSERT INTO products ([seller_id], [type], [name], [description], [category_id], [price], [quantity], [created_at], [deleted_at], [image]) VALUES (1, 1, 'BASQUY No. 4', 'Experience the charm of a  with this captivating geometric wood wall sculpture! Crafted from rich, natural wood, its intricate shapes and playful design bring warmth and creativity to any space. The perfect blend of art and nature, this sculpture invites curiosity and sparks conversation in a friendly, inviting way!', '3', '270', '5', '9/30/24', null, 'https://images.saatchiart.com/saatchi/1520277/art/9459211/8522319-VIMQONRJ-6.jpg');
INSERT INTO products ([seller_id], [type], [name], [description], [category_id], [price], [quantity], [created_at], [deleted_at], [image]) VALUES (1, 1, 'Be Careful, Book 9 #22', 'Experience the charm of a  with this captivating geometric wood wall sculpture! Crafted from rich, natural wood, its intricate shapes and playful design bring warmth and creativity to any space. The perfect blend of art and nature, this sculpture invites curiosity and sparks conversation in a friendly, inviting way!', '2', '345', '3', '9/30/24', null, 'https://images.saatchiart.com/saatchi/599547/art/5591307/4661117-HSC00001-6.jpg');
INSERT INTO products ([seller_id], [type], [name], [description], [category_id], [price], [quantity], [created_at], [deleted_at], [image]) VALUES (1, 1, 'Black to the Future', 'Experience the charm of a  with this captivating geometric wood wall sculpture! Crafted from rich, natural wood, its intricate shapes and playful design bring warmth and creativity to any space. The perfect blend of art and nature, this sculpture invites curiosity and sparks conversation in a friendly, inviting way!', '3', '14480', '7', '9/30/24', null, 'https://images.saatchiart.com/saatchi/1520277/art/10461453/9523945-LBMWJIFY-6.jpg');
INSERT INTO products ([seller_id], [type], [name], [description], [category_id], [price], [quantity], [created_at], [deleted_at], [image]) VALUES (1, 1, 'Bleah', 'Experience the charm of a  with this captivating geometric wood wall sculpture! Crafted from rich, natural wood, its intricate shapes and playful design bring warmth and creativity to any space. The perfect blend of art and nature, this sculpture invites curiosity and sparks conversation in a friendly, inviting way!', '4', '3390', '3', '9/30/24', null, 'https://images.saatchiart.com/saatchi/795599/art/9899157/8962085-GAEHMBIL-6.jpg');
INSERT INTO products ([seller_id], [type], [name], [description], [category_id], [price], [quantity], [created_at], [deleted_at], [image]) VALUES (1, 1, 'Blossom', 'Experience the charm of a  with this captivating geometric wood wall sculpture! Crafted from rich, natural wood, its intricate shapes and playful design bring warmth and creativity to any space. The perfect blend of art and nature, this sculpture invites curiosity and sparks conversation in a friendly, inviting way!', '2', '330', '5', '9/30/24', null, 'https://images.saatchiart.com/saatchi/420015/art/8765429/7828912-HSC00923-6.jpg');
INSERT INTO products ([seller_id], [type], [name], [description], [category_id], [price], [quantity], [created_at], [deleted_at], [image]) VALUES (1, 1, 'blue moon abstract', 'Experience the charm of a  with this captivating geometric wood wall sculpture! Crafted from rich, natural wood, its intricate shapes and playful design bring warmth and creativity to any space. The perfect blend of art and nature, this sculpture invites curiosity and sparks conversation in a friendly, inviting way!', '4', '5350', '3', '9/30/24', null, 'https://images.saatchiart.com/saatchi/735514/art/8463495/7527641-HSC00001-6.jpg');
INSERT INTO products ([seller_id], [type], [name], [description], [category_id], [price], [quantity], [created_at], [deleted_at], [image]) VALUES (1, 1, 'blue moon abstract wall art', 'Experience the charm of a  with this captivating geometric wood wall sculpture! Crafted from rich, natural wood, its intricate shapes and playful design bring warmth and creativity to any space. The perfect blend of art and nature, this sculpture invites curiosity and sparks conversation in a friendly, inviting way!', '4', '5310', '4', '9/30/24', null, 'https://images.saatchiart.com/saatchi/735514/art/8776788/7840264-HSC00923-6.jpg');
INSERT INTO products ([seller_id], [type], [name], [description], [category_id], [price], [quantity], [created_at], [deleted_at], [image]) VALUES (1, 1, 'blue neon abstract lines', 'Experience the charm of a  with this captivating geometric wood wall sculpture! Crafted from rich, natural wood, its intricate shapes and playful design bring warmth and creativity to any space. The perfect blend of art and nature, this sculpture invites curiosity and sparks conversation in a friendly, inviting way!', '4', '5350', '1', '9/30/24', null, 'https://images.saatchiart.com/saatchi/735514/art/9183709/8246861-LDXNDBZF-6.jpg');
INSERT INTO products ([seller_id], [type], [name], [description], [category_id], [price], [quantity], [created_at], [deleted_at], [image]) VALUES (1, 1, 'Chasing Curves - Limited Edition of 30', 'Experience the charm of a  with this captivating geometric wood wall sculpture! Crafted from rich, natural wood, its intricate shapes and playful design bring warmth and creativity to any space. The perfect blend of art and nature, this sculpture invites curiosity and sparks conversation in a friendly, inviting way!', '5', '360', '7', '9/30/24', null, 'https://images.saatchiart.com/saatchi/408199/art/8540738/7604600-HSC00001-6.jpg');
INSERT INTO products ([seller_id], [type], [name], [description], [category_id], [price], [quantity], [created_at], [deleted_at], [image]) VALUES (1, 1, 'Chessboard 25', 'Experience the charm of a  with this captivating geometric wood wall sculpture! Crafted from rich, natural wood, its intricate shapes and playful design bring warmth and creativity to any space. The perfect blend of art and nature, this sculpture invites curiosity and sparks conversation in a friendly, inviting way!', '1', '1660', '3', '9/30/24', null, 'pro6.jpg');
INSERT INTO products ([seller_id], [type], [name], [description], [category_id], [price], [quantity], [created_at], [deleted_at], [image]) VALUES (1, 1, 'Circle', 'Experience the charm of a  with this captivating geometric wood wall sculpture! Crafted from rich, natural wood, its intricate shapes and playful design bring warmth and creativity to any space. The perfect blend of art and nature, this sculpture invites curiosity and sparks conversation in a friendly, inviting way!', '6', '690', '2', '9/30/24', null, 'https://images.saatchiart.com/saatchi/660150/art/11004085/10066491-KARTIBOL-6.jpg');
INSERT INTO products ([seller_id], [type], [name], [description], [category_id], [price], [quantity], [created_at], [deleted_at], [image]) VALUES (1, 1, 'Cold waves 13', 'Experience the charm of a  with this captivating geometric wood wall sculpture! Crafted from rich, natural wood, its intricate shapes and playful design bring warmth and creativity to any space. The perfect blend of art and nature, this sculpture invites curiosity and sparks conversation in a friendly, inviting way!', '4', '3790', '5', '9/30/24', null, 'https://images.saatchiart.com/saatchi/951165/art/11508621/10570875-BZHGFOZN-6.jpg');
INSERT INTO products ([seller_id], [type], [name], [description], [category_id], [price], [quantity], [created_at], [deleted_at], [image]) VALUES (1, 1, 'color palette#1', 'Experience the charm of a  with this captivating geometric wood wall sculpture! Crafted from rich, natural wood, its intricate shapes and playful design bring warmth and creativity to any space. The perfect blend of art and nature, this sculpture invites curiosity and sparks conversation in a friendly, inviting way!', '3', '1590', '6', '9/30/24', null, 'https://images.saatchiart.com/saatchi/608620/art/9719019/8782119-QZJMLXCD-6.jpg');
INSERT INTO products ([seller_id], [type], [name], [description], [category_id], [price], [quantity], [created_at], [deleted_at], [image]) VALUES (1, 1, 'Color Suprematism (triptych)', 'Experience the charm of a  with this captivating geometric wood wall sculpture! Crafted from rich, natural wood, its intricate shapes and playful design bring warmth and creativity to any space. The perfect blend of art and nature, this sculpture invites curiosity and sparks conversation in a friendly, inviting way!', '4', '7860', '3', '9/30/24', null, 'https://images.saatchiart.com/saatchi/862996/art/5859661/4929461-HJLMJVHQ-6.jpg');
INSERT INTO products ([seller_id], [type], [name], [description], [category_id], [price], [quantity], [created_at], [deleted_at], [image]) VALUES (1, 1, 'Colored highways 3', 'Experience the charm of a  with this captivating geometric wood wall sculpture! Crafted from rich, natural wood, its intricate shapes and playful design bring warmth and creativity to any space. The perfect blend of art and nature, this sculpture invites curiosity and sparks conversation in a friendly, inviting way!', '4', '10460', '3', '9/30/24', null, 'https://images.saatchiart.com/saatchi/951165/art/5623093/4692903-HSC00001-6.jpg');
INSERT INTO products ([seller_id], [type], [name], [description], [category_id], [price], [quantity], [created_at], [deleted_at], [image]) VALUES (1, 1, 'Comforting illusion - Limited Edition of 15', 'Experience the charm of a  with this captivating geometric wood wall sculpture! Crafted from rich, natural wood, its intricate shapes and playful design bring warmth and creativity to any space. The perfect blend of art and nature, this sculpture invites curiosity and sparks conversation in a friendly, inviting way!', '6', '840', '6', '9/30/24', null, 'https://images.saatchiart.com/saatchi/593840/art/8758346/7821832-OCHPPINH-6.jpg');
INSERT INTO products ([seller_id], [type], [name], [description], [category_id], [price], [quantity], [created_at], [deleted_at], [image]) VALUES (1, 1, 'Composición sobre mapa n15 - Limited Edition of 20', 'Experience the charm of a  with this captivating geometric wood wall sculpture! Crafted from rich, natural wood, its intricate shapes and playful design bring warmth and creativity to any space. The perfect blend of art and nature, this sculpture invites curiosity and sparks conversation in a friendly, inviting way!', '5', '1020', '5', '9/30/24', null, 'https://images.saatchiart.com/saatchi/328167/art/6179059/5248843-HSC00001-6.jpg');
INSERT INTO products ([seller_id], [type], [name], [description], [category_id], [price], [quantity], [created_at], [deleted_at], [image]) VALUES (1, 1, 'Composition No. 316', 'Experience the charm of a  with this captivating geometric wood wall sculpture! Crafted from rich, natural wood, its intricate shapes and playful design bring warmth and creativity to any space. The perfect blend of art and nature, this sculpture invites curiosity and sparks conversation in a friendly, inviting way!', '3', '1290', '4', '9/30/24', null, 'https://images.saatchiart.com/saatchi/593840/art/8816871/7880262-HSC00923-6.jpg');
INSERT INTO products ([seller_id], [type], [name], [description], [category_id], [price], [quantity], [created_at], [deleted_at], [image]) VALUES (1, 1, 'Country Lane - Limited Edition 1 of 1', 'Experience the charm of a  with this captivating geometric wood wall sculpture! Crafted from rich, natural wood, its intricate shapes and playful design bring warmth and creativity to any space. The perfect blend of art and nature, this sculpture invites curiosity and sparks conversation in a friendly, inviting way!', '6', '3735', '7', '9/30/24', null, 'https://images.saatchiart.com/saatchi/1039159/art/8574273/7638065-HSC00001-6.jpg');
INSERT INTO products ([seller_id], [type], [name], [description], [category_id], [price], [quantity], [created_at], [deleted_at], [image]) VALUES (1, 1, 'Creeps & Cryptids No.24: The Skunk Ape', 'Experience the charm of a  with this captivating geometric wood wall sculpture! Crafted from rich, natural wood, its intricate shapes and playful design bring warmth and creativity to any space. The perfect blend of art and nature, this sculpture invites curiosity and sparks conversation in a friendly, inviting way!', '5', '495', '1', '9/30/24', null, 'https://images.saatchiart.com/saatchi/790314/art/11852747/10914987-LPGTZNON-6.jpg');
INSERT INTO products ([seller_id], [type], [name], [description], [category_id], [price], [quantity], [created_at], [deleted_at], [image]) VALUES (1, 1, 'Cy flowers', 'Experience the charm of a  with this captivating geometric wood wall sculpture! Crafted from rich, natural wood, its intricate shapes and playful design bring warmth and creativity to any space. The perfect blend of art and nature, this sculpture invites curiosity and sparks conversation in a friendly, inviting way!', '1', '2920', '1', '9/30/24', null, 'pro7.jpg');
INSERT INTO products ([seller_id], [type], [name], [description], [category_id], [price], [quantity], [created_at], [deleted_at], [image]) VALUES (1, 1, 'Darth V. 2016 Lim. Edition - Limited Edition of 2', 'Experience the charm of a  with this captivating geometric wood wall sculpture! Crafted from rich, natural wood, its intricate shapes and playful design bring warmth and creativity to any space. The perfect blend of art and nature, this sculpture invites curiosity and sparks conversation in a friendly, inviting way!', '6', '620', '4', '9/30/24', null, 'https://images.saatchiart.com/saatchi/185894/art/7391809/6461013-TPBDGTMH-6.jpg');
INSERT INTO products ([seller_id], [type], [name], [description], [category_id], [price], [quantity], [created_at], [deleted_at], [image]) VALUES (1, 1, 'Daughter - Limited Edition 2 of 20', 'Experience the charm of a  with this captivating geometric wood wall sculpture! Crafted from rich, natural wood, its intricate shapes and playful design bring warmth and creativity to any space. The perfect blend of art and nature, this sculpture invites curiosity and sparks conversation in a friendly, inviting way!', '5', '330', '4', '9/30/24', null, 'https://images.saatchiart.com/saatchi/861321/art/3990331/3060185-HSC00001-6.jpg');
INSERT INTO products ([seller_id], [type], [name], [description], [category_id], [price], [quantity], [created_at], [deleted_at], [image]) VALUES (1, 1, 'DESTRUCTION', 'Experience the charm of a  with this captivating geometric wood wall sculpture! Crafted from rich, natural wood, its intricate shapes and playful design bring warmth and creativity to any space. The perfect blend of art and nature, this sculpture invites curiosity and sparks conversation in a friendly, inviting way!', '1', '740', '1', '9/30/24', null, 'pro8.jpg');
INSERT INTO products ([seller_id], [type], [name], [description], [category_id], [price], [quantity], [created_at], [deleted_at], [image]) VALUES (1, 1, 'Dolomiti @ VOiLA - Limited Edition of 5', 'Experience the charm of a  with this captivating geometric wood wall sculpture! Crafted from rich, natural wood, its intricate shapes and playful design bring warmth and creativity to any space. The perfect blend of art and nature, this sculpture invites curiosity and sparks conversation in a friendly, inviting way!', '3', '460', '6', '9/30/24', null, 'https://images.saatchiart.com/saatchi/1031044/art/6641653/5711319-ELFMPREA-6.jpg');
INSERT INTO products ([seller_id], [type], [name], [description], [category_id], [price], [quantity], [created_at], [deleted_at], [image]) VALUES (1, 1, 'Dont Look Back (screen print)', 'Experience the charm of a  with this captivating geometric wood wall sculpture! Crafted from rich, natural wood, its intricate shapes and playful design bring warmth and creativity to any space. The perfect blend of art and nature, this sculpture invites curiosity and sparks conversation in a friendly, inviting way!', '5', '860', '1', '9/30/24', null, 'https://images.saatchiart.com/saatchi/93960/art/10625043/9687529-OMIGOZRW-6.jpg');
INSERT INTO products ([seller_id], [type], [name], [description], [category_id], [price], [quantity], [created_at], [deleted_at], [image]) VALUES (1, 1, 'Doubles cold', 'Experience the charm of a  with this captivating geometric wood wall sculpture! Crafted from rich, natural wood, its intricate shapes and playful design bring warmth and creativity to any space. The perfect blend of art and nature, this sculpture invites curiosity and sparks conversation in a friendly, inviting way!', '4', '5420', '3', '9/30/24', null, 'https://images.saatchiart.com/saatchi/951165/art/9924125/8987053-TOBUYQCS-6.jpg');
INSERT INTO products ([seller_id], [type], [name], [description], [category_id], [price], [quantity], [created_at], [deleted_at], [image]) VALUES (1, 1, 'Drawing Actions - Limited Edition of 1', 'Experience the charm of a  with this captivating geometric wood wall sculpture! Crafted from rich, natural wood, its intricate shapes and playful design bring warmth and creativity to any space. The perfect blend of art and nature, this sculpture invites curiosity and sparks conversation in a friendly, inviting way!', '6', '700', '1', '9/30/24', null, 'https://images.saatchiart.com/saatchi/1328945/art/8111847/7178457-HSC00002-6.jpg');
INSERT INTO products ([seller_id], [type], [name], [description], [category_id], [price], [quantity], [created_at], [deleted_at], [image]) VALUES (1, 1, 'dread girl', 'Experience the charm of a  with this captivating geometric wood wall sculpture! Crafted from rich, natural wood, its intricate shapes and playful design bring warmth and creativity to any space. The perfect blend of art and nature, this sculpture invites curiosity and sparks conversation in a friendly, inviting way!', '2', '340', '7', '9/30/24', null, 'https://images.saatchiart.com/saatchi/420015/art/2647558/1717451-HSC00001-6.jpg');
INSERT INTO products ([seller_id], [type], [name], [description], [category_id], [price], [quantity], [created_at], [deleted_at], [image]) VALUES (1, 1, 'Dream On // Round Glitter Edition', 'Experience the charm of a  with this captivating geometric wood wall sculpture! Crafted from rich, natural wood, its intricate shapes and playful design bring warmth and creativity to any space. The perfect blend of art and nature, this sculpture invites curiosity and sparks conversation in a friendly, inviting way!', '3', '3070', '7', '9/30/24', null, 'https://images.saatchiart.com/saatchi/742148/art/10110843/9173615-EGOIPRLB-6.jpg');
INSERT INTO products ([seller_id], [type], [name], [description], [category_id], [price], [quantity], [created_at], [deleted_at], [image]) VALUES (1, 1, 'Dreamland with Petals No.2', 'Experience the charm of a  with this captivating geometric wood wall sculpture! Crafted from rich, natural wood, its intricate shapes and playful design bring warmth and creativity to any space. The perfect blend of art and nature, this sculpture invites curiosity and sparks conversation in a friendly, inviting way!', '2', '860', '2', '9/30/24', null, 'https://images.saatchiart.com/saatchi/831404/art/8833078/7896448-MEOSLAEN-6.jpg');
INSERT INTO products ([seller_id], [type], [name], [description], [category_id], [price], [quantity], [created_at], [deleted_at], [image]) VALUES (1, 1, 'Drip Scribble (1)', 'Experience the charm of a  with this captivating geometric wood wall sculpture! Crafted from rich, natural wood, its intricate shapes and playful design bring warmth and creativity to any space. The perfect blend of art and nature, this sculpture invites curiosity and sparks conversation in a friendly, inviting way!', '4', '2610', '3', '9/30/24', null, 'https://images.saatchiart.com/saatchi/314004/art/11618417/10680663-RTDVOEHT-6.jpg');
INSERT INTO products ([seller_id], [type], [name], [description], [category_id], [price], [quantity], [created_at], [deleted_at], [image]) VALUES (1, 1, 'Dune', 'Experience the charm of a  with this captivating geometric wood wall sculpture! Crafted from rich, natural wood, its intricate shapes and playful design bring warmth and creativity to any space. The perfect blend of art and nature, this sculpture invites curiosity and sparks conversation in a friendly, inviting way!', '4', '2170', '2', '9/30/24', null, 'https://images.saatchiart.com/saatchi/403427/art/11629849/10692095-ZJTCNPLJ-6.jpg');
INSERT INTO products ([seller_id], [type], [name], [description], [category_id], [price], [quantity], [created_at], [deleted_at], [image]) VALUES (1, 1, 'Engel 4', 'Experience the charm of a  with this captivating geometric wood wall sculpture! Crafted from rich, natural wood, its intricate shapes and playful design bring warmth and creativity to any space. The perfect blend of art and nature, this sculpture invites curiosity and sparks conversation in a friendly, inviting way!', '6', '2900', '1', '9/30/24', null, 'https://images.saatchiart.com/saatchi/339350/art/505879/274059-HSC00002-6.jpg');
INSERT INTO products ([seller_id], [type], [name], [description], [category_id], [price], [quantity], [created_at], [deleted_at], [image]) VALUES (1, 1, 'Enjoy', 'Experience the charm of a  with this captivating geometric wood wall sculpture! Crafted from rich, natural wood, its intricate shapes and playful design bring warmth and creativity to any space. The perfect blend of art and nature, this sculpture invites curiosity and sparks conversation in a friendly, inviting way!', '4', '2290', '6', '9/30/24', null, 'https://images.saatchiart.com/saatchi/779963/art/4446037/3515877-HSC00002-6.jpg');
INSERT INTO products ([seller_id], [type], [name], [description], [category_id], [price], [quantity], [created_at], [deleted_at], [image]) VALUES (1, 1, 'ENTANGLED', 'Experience the charm of a  with this captivating geometric wood wall sculpture! Crafted from rich, natural wood, its intricate shapes and playful design bring warmth and creativity to any space. The perfect blend of art and nature, this sculpture invites curiosity and sparks conversation in a friendly, inviting way!', '4', '9195', '2', '9/30/24', null, 'https://images.saatchiart.com/saatchi/115692/art/11244377/10306647-UTFIHNSH-6.jpg');
INSERT INTO products ([seller_id], [type], [name], [description], [category_id], [price], [quantity], [created_at], [deleted_at], [image]) VALUES (1, 1, 'ENTROPY GROWTH.TRIPTYCH 3.', 'Experience the charm of a  with this captivating geometric wood wall sculpture! Crafted from rich, natural wood, its intricate shapes and playful design bring warmth and creativity to any space. The perfect blend of art and nature, this sculpture invites curiosity and sparks conversation in a friendly, inviting way!', '1', '8310', '6', '9/30/24', null, 'pro9.jpg');
INSERT INTO products ([seller_id], [type], [name], [description], [category_id], [price], [quantity], [created_at], [deleted_at], [image]) VALUES (1, 1, 'Espace meditatif III - Limited Edition of 25', 'Experience the charm of a  with this captivating geometric wood wall sculpture! Crafted from rich, natural wood, its intricate shapes and playful design bring warmth and creativity to any space. The perfect blend of art and nature, this sculpture invites curiosity and sparks conversation in a friendly, inviting way!', '5', '740', '5', '9/30/24', null, 'https://images.saatchiart.com/saatchi/740962/art/6157779/5227563-BVFYKLRJ-6.jpg');
INSERT INTO products ([seller_id], [type], [name], [description], [category_id], [price], [quantity], [created_at], [deleted_at], [image]) VALUES (1, 1, 'Evening Chats - Limited Edition 45 of 50', 'Experience the charm of a  with this captivating geometric wood wall sculpture! Crafted from rich, natural wood, its intricate shapes and playful design bring warmth and creativity to any space. The perfect blend of art and nature, this sculpture invites curiosity and sparks conversation in a friendly, inviting way!', '5', '632.48', '2', '9/30/24', null, 'https://images.saatchiart.com/saatchi/96385/art/5191941/4261759-HSC00001-6.jpg');
INSERT INTO products ([seller_id], [type], [name], [description], [category_id], [price], [quantity], [created_at], [deleted_at], [image]) VALUES (1, 1, 'Everything is Going to Be Fucking Ok', 'Experience the charm of a  with this captivating geometric wood wall sculpture! Crafted from rich, natural wood, its intricate shapes and playful design bring warmth and creativity to any space. The perfect blend of art and nature, this sculpture invites curiosity and sparks conversation in a friendly, inviting way!', '4', '3980', '7', '9/30/24', null, 'https://images.saatchiart.com/saatchi/779963/art/8267306/7332474-HSC00002-6.jpg');
INSERT INTO products ([seller_id], [type], [name], [description], [category_id], [price], [quantity], [created_at], [deleted_at], [image]) VALUES (1, 1, 'Exterior No.31: Pigs Do Fly - Limited Edition of 25', 'Experience the charm of a  with this captivating geometric wood wall sculpture! Crafted from rich, natural wood, its intricate shapes and playful design bring warmth and creativity to any space. The perfect blend of art and nature, this sculpture invites curiosity and sparks conversation in a friendly, inviting way!', '5', '495', '4', '9/30/24', null, 'https://images.saatchiart.com/saatchi/790314/art/8339647/7404418-HSC00001-6.jpg');
INSERT INTO products ([seller_id], [type], [name], [description], [category_id], [price], [quantity], [created_at], [deleted_at], [image]) VALUES (1, 1, 'Extrusion #51 - SQUARE', 'Experience the charm of a  with this captivating geometric wood wall sculpture! Crafted from rich, natural wood, its intricate shapes and playful design bring warmth and creativity to any space. The perfect blend of art and nature, this sculpture invites curiosity and sparks conversation in a friendly, inviting way!', '6', '578', '6', '9/30/24', null, 'https://images.saatchiart.com/saatchi/663884/art/10354025/9416641-IEDQPGNF-6.jpg');
INSERT INTO products ([seller_id], [type], [name], [description], [category_id], [price], [quantity], [created_at], [deleted_at], [image]) VALUES (1, 1, 'Famed', 'Experience the charm of a  with this captivating geometric wood wall sculpture! Crafted from rich, natural wood, its intricate shapes and playful design bring warmth and creativity to any space. The perfect blend of art and nature, this sculpture invites curiosity and sparks conversation in a friendly, inviting way!', '1', '1880', '4', '9/30/24', null, 'pro10.jpg');
INSERT INTO products ([seller_id], [type], [name], [description], [category_id], [price], [quantity], [created_at], [deleted_at], [image]) VALUES (1, 1, 'Ferrofluid #168', 'Experience the charm of a  with this captivating geometric wood wall sculpture! Crafted from rich, natural wood, its intricate shapes and playful design bring warmth and creativity to any space. The perfect blend of art and nature, this sculpture invites curiosity and sparks conversation in a friendly, inviting way!', '6', '1135', '6', '9/30/24', null, 'https://images.saatchiart.com/saatchi/663884/art/9983315/9046233-SISRBBCU-6.jpg');
INSERT INTO products ([seller_id], [type], [name], [description], [category_id], [price], [quantity], [created_at], [deleted_at], [image]) VALUES (1, 1, 'First Ladies, from Collective Project - Limited Edition of 3', 'Experience the charm of a  with this captivating geometric wood wall sculpture! Crafted from rich, natural wood, its intricate shapes and playful design bring warmth and creativity to any space. The perfect blend of art and nature, this sculpture invites curiosity and sparks conversation in a friendly, inviting way!', '3', '3600', '2', '9/30/24', null, 'https://images.saatchiart.com/saatchi/4992/art/8422068/7486292-HSC00001-6.jpg');
INSERT INTO products ([seller_id], [type], [name], [description], [category_id], [price], [quantity], [created_at], [deleted_at], [image]) VALUES (1, 1, 'Flags and messages (Limited Edition 4 of 10)', 'Experience the charm of a  with this captivating geometric wood wall sculpture! Crafted from rich, natural wood, its intricate shapes and playful design bring warmth and creativity to any space. The perfect blend of art and nature, this sculpture invites curiosity and sparks conversation in a friendly, inviting way!', '5', '650', '1', '9/30/24', null, 'https://images.saatchiart.com/saatchi/161286/art/1908803/1038113-LBNGWLHE-6.jpg');
INSERT INTO products ([seller_id], [type], [name], [description], [category_id], [price], [quantity], [created_at], [deleted_at], [image]) VALUES (1, 1, 'Flowery field', 'Experience the charm of a  with this captivating geometric wood wall sculpture! Crafted from rich, natural wood, its intricate shapes and playful design bring warmth and creativity to any space. The perfect blend of art and nature, this sculpture invites curiosity and sparks conversation in a friendly, inviting way!', '6', '2790', '2', '9/30/24', null, 'https://images.saatchiart.com/saatchi/680298/art/7874821/6942614-HSC00001-6.jpg');
INSERT INTO products ([seller_id], [type], [name], [description], [category_id], [price], [quantity], [created_at], [deleted_at], [image]) VALUES (1, 1, 'Four in a Row 4', 'Experience the charm of a  with this captivating geometric wood wall sculpture! Crafted from rich, natural wood, its intricate shapes and playful design bring warmth and creativity to any space. The perfect blend of art and nature, this sculpture invites curiosity and sparks conversation in a friendly, inviting way!', '4', '4130', '6', '9/30/24', null, 'https://images.saatchiart.com/saatchi/5704/art/11675511/10737751-WWSVYRBL-6.jpg');
INSERT INTO products ([seller_id], [type], [name], [description], [category_id], [price], [quantity], [created_at], [deleted_at], [image]) VALUES (1, 1, 'from the Krypta series: L180/181/182 (Spell Towers) triptych', 'Experience the charm of a  with this captivating geometric wood wall sculpture! Crafted from rich, natural wood, its intricate shapes and playful design bring warmth and creativity to any space. The perfect blend of art and nature, this sculpture invites curiosity and sparks conversation in a friendly, inviting way!', '4', '10500', '7', '9/30/24', null, 'https://images.saatchiart.com/saatchi/93614/art/11804513/10866753-LWPJSNGR-6.jpg');
INSERT INTO products ([seller_id], [type], [name], [description], [category_id], [price], [quantity], [created_at], [deleted_at], [image]) VALUES (1, 1, 'Frosted Window', 'Experience the charm of a  with this captivating geometric wood wall sculpture! Crafted from rich, natural wood, its intricate shapes and playful design bring warmth and creativity to any space. The perfect blend of art and nature, this sculpture invites curiosity and sparks conversation in a friendly, inviting way!', '4', '3230', '7', '9/30/24', null, 'https://images.saatchiart.com/saatchi/387561/art/7667158/6735524-JQGSFWUV-6.jpg');
INSERT INTO products ([seller_id], [type], [name], [description], [category_id], [price], [quantity], [created_at], [deleted_at], [image]) VALUES (1, 1, 'Garden of Earthly Delights - Limited Edition', 'Experience the charm of a  with this captivating geometric wood wall sculpture! Crafted from rich, natural wood, its intricate shapes and playful design bring warmth and creativity to any space. The perfect blend of art and nature, this sculpture invites curiosity and sparks conversation in a friendly, inviting way!', '5', '481', '2', '9/30/24', null, 'https://images.saatchiart.com/saatchi/806895/art/3772399/2842283-HSC00002-6.jpg');
INSERT INTO products ([seller_id], [type], [name], [description], [category_id], [price], [quantity], [created_at], [deleted_at], [image]) VALUES (1, 1, 'Go Forage', 'Experience the charm of a  with this captivating geometric wood wall sculpture! Crafted from rich, natural wood, its intricate shapes and playful design bring warmth and creativity to any space. The perfect blend of art and nature, this sculpture invites curiosity and sparks conversation in a friendly, inviting way!', '2', '2310', '3', '9/30/24', null, 'https://images.saatchiart.com/saatchi/734213/art/8664577/7728195-JDLWHBJC-6.jpg');
INSERT INTO products ([seller_id], [type], [name], [description], [category_id], [price], [quantity], [created_at], [deleted_at], [image]) VALUES (1, 1, 'Goat head II', 'Experience the charm of a  with this captivating geometric wood wall sculpture! Crafted from rich, natural wood, its intricate shapes and playful design bring warmth and creativity to any space. The perfect blend of art and nature, this sculpture invites curiosity and sparks conversation in a friendly, inviting way!', '5', '580', '6', '9/30/24', null, 'https://images.saatchiart.com/saatchi/299445/art/9270831/8333943-JBRERQMN-6.jpg');
INSERT INTO products ([seller_id], [type], [name], [description], [category_id], [price], [quantity], [created_at], [deleted_at], [image]) VALUES (1, 1, 'Golden blossoms', 'Experience the charm of a  with this captivating geometric wood wall sculpture! Crafted from rich, natural wood, its intricate shapes and playful design bring warmth and creativity to any space. The perfect blend of art and nature, this sculpture invites curiosity and sparks conversation in a friendly, inviting way!', '4', '1340', '7', '9/30/24', null, 'https://images.saatchiart.com/saatchi/593840/art/11211913/10274183-MNESMVQT-6.jpg');
INSERT INTO products ([seller_id], [type], [name], [description], [category_id], [price], [quantity], [created_at], [deleted_at], [image]) VALUES (1, 1, 'Green World', 'Experience the charm of a  with this captivating geometric wood wall sculpture! Crafted from rich, natural wood, its intricate shapes and playful design bring warmth and creativity to any space. The perfect blend of art and nature, this sculpture invites curiosity and sparks conversation in a friendly, inviting way!', '3', '1170', '1', '9/30/24', null, 'https://images.saatchiart.com/saatchi/209768/art/9962229/9025147-LPAIWDKJ-6.jpg');
INSERT INTO products ([seller_id], [type], [name], [description], [category_id], [price], [quantity], [created_at], [deleted_at], [image]) VALUES (1, 1, 'Ha-Ha', 'Experience the charm of a  with this captivating geometric wood wall sculpture! Crafted from rich, natural wood, its intricate shapes and playful design bring warmth and creativity to any space. The perfect blend of art and nature, this sculpture invites curiosity and sparks conversation in a friendly, inviting way!', '5', '300', '5', '9/30/24', null, 'https://images.saatchiart.com/saatchi/408199/art/11421713/10483967-SGNFQUFO-6.jpg');
INSERT INTO products ([seller_id], [type], [name], [description], [category_id], [price], [quantity], [created_at], [deleted_at], [image]) VALUES (1, 1, 'Head 27B', 'Experience the charm of a  with this captivating geometric wood wall sculpture! Crafted from rich, natural wood, its intricate shapes and playful design bring warmth and creativity to any space. The perfect blend of art and nature, this sculpture invites curiosity and sparks conversation in a friendly, inviting way!', '3', '1425', '6', '9/30/24', null, 'https://images.saatchiart.com/saatchi/337243/art/10633549/9696035-EGKHEMNI-6.jpg');
INSERT INTO products ([seller_id], [type], [name], [description], [category_id], [price], [quantity], [created_at], [deleted_at], [image]) VALUES (1, 1, 'Head 45B', 'Experience the charm of a  with this captivating geometric wood wall sculpture! Crafted from rich, natural wood, its intricate shapes and playful design bring warmth and creativity to any space. The perfect blend of art and nature, this sculpture invites curiosity and sparks conversation in a friendly, inviting way!', '3', '1879', '3', '9/30/24', null, 'https://images.saatchiart.com/saatchi/337243/art/11865641/10927881-DRNWZTKN-6.jpg');
INSERT INTO products ([seller_id], [type], [name], [description], [category_id], [price], [quantity], [created_at], [deleted_at], [image]) VALUES (1, 1, 'Healing of the heart', 'Experience the charm of a  with this captivating geometric wood wall sculpture! Crafted from rich, natural wood, its intricate shapes and playful design bring warmth and creativity to any space. The perfect blend of art and nature, this sculpture invites curiosity and sparks conversation in a friendly, inviting way!', '3', '1880', '6', '9/30/24', null, 'https://images.saatchiart.com/saatchi/1058252/art/9933029/8995947-FHOYTTEH-6.jpg');
INSERT INTO products ([seller_id], [type], [name], [description], [category_id], [price], [quantity], [created_at], [deleted_at], [image]) VALUES (1, 1, 'High Mountain Range - Day & Night', 'Experience the charm of a  with this captivating geometric wood wall sculpture! Crafted from rich, natural wood, its intricate shapes and playful design bring warmth and creativity to any space. The perfect blend of art and nature, this sculpture invites curiosity and sparks conversation in a friendly, inviting way!', '4', '3970', '2', '9/30/24', null, 'https://images.saatchiart.com/saatchi/691112/art/8782551/7846022-HSC00923-6.jpg');
INSERT INTO products ([seller_id], [type], [name], [description], [category_id], [price], [quantity], [created_at], [deleted_at], [image]) VALUES (1, 1, 'Hommage à Cranach XIX - Limited Edition of 1', 'Experience the charm of a  with this captivating geometric wood wall sculpture! Crafted from rich, natural wood, its intricate shapes and playful design bring warmth and creativity to any space. The perfect blend of art and nature, this sculpture invites curiosity and sparks conversation in a friendly, inviting way!', '5', '550', '2', '9/30/24', null, 'https://images.saatchiart.com/saatchi/511785/art/10753465/9815935-PMOWRPOG-6.jpg');
INSERT INTO products ([seller_id], [type], [name], [description], [category_id], [price], [quantity], [created_at], [deleted_at], [image]) VALUES (1, 1, 'Hommage à Leonor Fini X', 'Experience the charm of a  with this captivating geometric wood wall sculpture! Crafted from rich, natural wood, its intricate shapes and playful design bring warmth and creativity to any space. The perfect blend of art and nature, this sculpture invites curiosity and sparks conversation in a friendly, inviting way!', '2', '740', '5', '9/30/24', null, 'https://images.saatchiart.com/saatchi/511785/art/9056905/8120083-HKMKVNLX-6.jpg');
INSERT INTO products ([seller_id], [type], [name], [description], [category_id], [price], [quantity], [created_at], [deleted_at], [image]) VALUES (1, 1, 'Huge Implications - Limited Edition of 1', 'Experience the charm of a  with this captivating geometric wood wall sculpture! Crafted from rich, natural wood, its intricate shapes and playful design bring warmth and creativity to any space. The perfect blend of art and nature, this sculpture invites curiosity and sparks conversation in a friendly, inviting way!', '6', '680', '1', '9/30/24', null, 'https://images.saatchiart.com/saatchi/1328945/art/8873712/7937080-POLZQAZW-6.jpg');
INSERT INTO products ([seller_id], [type], [name], [description], [category_id], [price], [quantity], [created_at], [deleted_at], [image]) VALUES (1, 1, 'I Can Hear It Too, Coming Back With Smiles', 'Experience the charm of a  with this captivating geometric wood wall sculpture! Crafted from rich, natural wood, its intricate shapes and playful design bring warmth and creativity to any space. The perfect blend of art and nature, this sculpture invites curiosity and sparks conversation in a friendly, inviting way!', '3', '735', '3', '9/30/24', null, 'https://images.saatchiart.com/saatchi/719498/art/10414019/9476517-CNTRVIJE-6.jpg');
INSERT INTO products ([seller_id], [type], [name], [description], [category_id], [price], [quantity], [created_at], [deleted_at], [image]) VALUES (1, 1, 'image-face(model)', 'Experience the charm of a  with this captivating geometric wood wall sculpture! Crafted from rich, natural wood, its intricate shapes and playful design bring warmth and creativity to any space. The perfect blend of art and nature, this sculpture invites curiosity and sparks conversation in a friendly, inviting way!', '1', '4660', '6', '9/30/24', null, 'pro11.jpg');
INSERT INTO products ([seller_id], [type], [name], [description], [category_id], [price], [quantity], [created_at], [deleted_at], [image]) VALUES (1, 1, 'In the mood for love', 'Experience the charm of a  with this captivating geometric wood wall sculpture! Crafted from rich, natural wood, its intricate shapes and playful design bring warmth and creativity to any space. The perfect blend of art and nature, this sculpture invites curiosity and sparks conversation in a friendly, inviting way!', '2', '160', '3', '9/30/24', null, 'https://images.saatchiart.com/saatchi/313699/art/9444049/8507157-ZRDLNJNY-6.jpg');
INSERT INTO products ([seller_id], [type], [name], [description], [category_id], [price], [quantity], [created_at], [deleted_at], [image]) VALUES (1, 1, 'In The Sand', 'Experience the charm of a  with this captivating geometric wood wall sculpture! Crafted from rich, natural wood, its intricate shapes and playful design bring warmth and creativity to any space. The perfect blend of art and nature, this sculpture invites curiosity and sparks conversation in a friendly, inviting way!', '5', '615', '6', '9/30/24', null, 'https://images.saatchiart.com/saatchi/408199/art/11420597/10482851-FREHEBWB-6.jpg');
INSERT INTO products ([seller_id], [type], [name], [description], [category_id], [price], [quantity], [created_at], [deleted_at], [image]) VALUES (1, 1, 'INTERACTIVE MOBILE 0081, position B', 'Experience the charm of a  with this captivating geometric wood wall sculpture! Crafted from rich, natural wood, its intricate shapes and playful design bring warmth and creativity to any space. The perfect blend of art and nature, this sculpture invites curiosity and sparks conversation in a friendly, inviting way!', '4', '1220', '4', '9/30/24', null, 'https://images.saatchiart.com/saatchi/160555/art/1994851/1112075-HSC00923-6.jpg');
INSERT INTO products ([seller_id], [type], [name], [description], [category_id], [price], [quantity], [created_at], [deleted_at], [image]) VALUES (1, 1, 'INTERACTIVE MOBILE 0116, position A', 'Experience the charm of a  with this captivating geometric wood wall sculpture! Crafted from rich, natural wood, its intricate shapes and playful design bring warmth and creativity to any space. The perfect blend of art and nature, this sculpture invites curiosity and sparks conversation in a friendly, inviting way!', '4', '1820', '2', '9/30/24', null, 'https://images.saatchiart.com/saatchi/160555/art/234273/107938-XKECDWPT-6.jpg');
INSERT INTO products ([seller_id], [type], [name], [description], [category_id], [price], [quantity], [created_at], [deleted_at], [image]) VALUES (1, 1, 'INTERACTIVE MOBILE 0122, position A', 'Experience the charm of a  with this captivating geometric wood wall sculpture! Crafted from rich, natural wood, its intricate shapes and playful design bring warmth and creativity to any space. The perfect blend of art and nature, this sculpture invites curiosity and sparks conversation in a friendly, inviting way!', '4', '3880', '2', '9/30/24', null, 'https://images.saatchiart.com/saatchi/160555/art/234244/107947-EJCNKQBX-6.jpg');
INSERT INTO products ([seller_id], [type], [name], [description], [category_id], [price], [quantity], [created_at], [deleted_at], [image]) VALUES (1, 1, 'Interior No.76 - Limited Edition of 25', 'Experience the charm of a  with this captivating geometric wood wall sculpture! Crafted from rich, natural wood, its intricate shapes and playful design bring warmth and creativity to any space. The perfect blend of art and nature, this sculpture invites curiosity and sparks conversation in a friendly, inviting way!', '5', '320', '6', '9/30/24', null, 'https://images.saatchiart.com/saatchi/790314/art/5166155/4235975-HSC00002-6.jpg');
INSERT INTO products ([seller_id], [type], [name], [description], [category_id], [price], [quantity], [created_at], [deleted_at], [image]) VALUES (1, 1, 'JLennon n.4 Digital Drawing', 'Experience the charm of a  with this captivating geometric wood wall sculpture! Crafted from rich, natural wood, its intricate shapes and playful design bring warmth and creativity to any space. The perfect blend of art and nature, this sculpture invites curiosity and sparks conversation in a friendly, inviting way!', '6', '745', '2', '9/30/24', null, 'https://images.saatchiart.com/saatchi/329502/art/11357063/10419325-ZINUZLQE-6.jpg');
INSERT INTO products ([seller_id], [type], [name], [description], [category_id], [price], [quantity], [created_at], [deleted_at], [image]) VALUES (1, 1, 'Joyful', 'Experience the charm of a  with this captivating geometric wood wall sculpture! Crafted from rich, natural wood, its intricate shapes and playful design bring warmth and creativity to any space. The perfect blend of art and nature, this sculpture invites curiosity and sparks conversation in a friendly, inviting way!', '1', '2110', '3', '9/30/24', null, 'pro12.jpg');
INSERT INTO products ([seller_id], [type], [name], [description], [category_id], [price], [quantity], [created_at], [deleted_at], [image]) VALUES (1, 1, 'JUST YOUR VOICE', 'Experience the charm of a  with this captivating geometric wood wall sculpture! Crafted from rich, natural wood, its intricate shapes and playful design bring warmth and creativity to any space. The perfect blend of art and nature, this sculpture invites curiosity and sparks conversation in a friendly, inviting way!', '1', '2280', '7', '9/30/24', null, 'pro13.jpg');
INSERT INTO products ([seller_id], [type], [name], [description], [category_id], [price], [quantity], [created_at], [deleted_at], [image]) VALUES (1, 1, 'Knit #8 - Limited Edition of 3', 'Experience the charm of a  with this captivating geometric wood wall sculpture! Crafted from rich, natural wood, its intricate shapes and playful design bring warmth and creativity to any space. The perfect blend of art and nature, this sculpture invites curiosity and sparks conversation in a friendly, inviting way!', '3', '4199', '7', '9/30/24', null, 'https://images.saatchiart.com/saatchi/858823/art/3339194/2409081-EZHFSWMG-6.jpg');
INSERT INTO products ([seller_id], [type], [name], [description], [category_id], [price], [quantity], [created_at], [deleted_at], [image]) VALUES (1, 1, 'L179 (Yourasi)  diptych', 'Experience the charm of a  with this captivating geometric wood wall sculpture! Crafted from rich, natural wood, its intricate shapes and playful design bring warmth and creativity to any space. The perfect blend of art and nature, this sculpture invites curiosity and sparks conversation in a friendly, inviting way!', '4', '5470', '5', '9/30/24', null, 'https://images.saatchiart.com/saatchi/93614/art/11559055/10621301-QPKFSJAP-6.jpg');
INSERT INTO products ([seller_id], [type], [name], [description], [category_id], [price], [quantity], [created_at], [deleted_at], [image]) VALUES (1, 1, 'La forme abstraite XII', 'Experience the charm of a  with this captivating geometric wood wall sculpture! Crafted from rich, natural wood, its intricate shapes and playful design bring warmth and creativity to any space. The perfect blend of art and nature, this sculpture invites curiosity and sparks conversation in a friendly, inviting way!', '5', '740', '1', '9/30/24', null, 'https://images.saatchiart.com/saatchi/740962/art/10569551/9632041-ADAPVNRV-6.jpg');
INSERT INTO products ([seller_id], [type], [name], [description], [category_id], [price], [quantity], [created_at], [deleted_at], [image]) VALUES (1, 1, 'La geometrie des couleurs III - Limited Edition of 25', 'Experience the charm of a  with this captivating geometric wood wall sculpture! Crafted from rich, natural wood, its intricate shapes and playful design bring warmth and creativity to any space. The perfect blend of art and nature, this sculpture invites curiosity and sparks conversation in a friendly, inviting way!', '5', '740', '1', '9/30/24', null, 'https://images.saatchiart.com/saatchi/740962/art/8824931/7888307-RXHVJDVB-6.jpg');
INSERT INTO products ([seller_id], [type], [name], [description], [category_id], [price], [quantity], [created_at], [deleted_at], [image]) VALUES (1, 1, 'La ligne architecturale VI', 'Experience the charm of a  with this captivating geometric wood wall sculpture! Crafted from rich, natural wood, its intricate shapes and playful design bring warmth and creativity to any space. The perfect blend of art and nature, this sculpture invites curiosity and sparks conversation in a friendly, inviting way!', '5', '740', '2', '9/30/24', null, 'https://images.saatchiart.com/saatchi/740962/art/9355699/8418807-KJJULJDR-6.jpg');
INSERT INTO products ([seller_id], [type], [name], [description], [category_id], [price], [quantity], [created_at], [deleted_at], [image]) VALUES (1, 1, 'Lady Macbeth, Series 24 #18', 'Experience the charm of a  with this captivating geometric wood wall sculpture! Crafted from rich, natural wood, its intricate shapes and playful design bring warmth and creativity to any space. The perfect blend of art and nature, this sculpture invites curiosity and sparks conversation in a friendly, inviting way!', '2', '950', '6', '9/30/24', null, 'https://images.saatchiart.com/saatchi/599547/art/8045269/7112314-HSC00923-6.jpg');
INSERT INTO products ([seller_id], [type], [name], [description], [category_id], [price], [quantity], [created_at], [deleted_at], [image]) VALUES (1, 1, 'Le multiple des angles', 'Experience the charm of a  with this captivating geometric wood wall sculpture! Crafted from rich, natural wood, its intricate shapes and playful design bring warmth and creativity to any space. The perfect blend of art and nature, this sculpture invites curiosity and sparks conversation in a friendly, inviting way!', '5', '740', '7', '9/30/24', null, 'https://images.saatchiart.com/saatchi/740962/art/10914605/9977015-DDSRNSJT-6.jpg');
INSERT INTO products ([seller_id], [type], [name], [description], [category_id], [price], [quantity], [created_at], [deleted_at], [image]) VALUES (1, 1, 'Le sommet de la couleur III', 'Experience the charm of a  with this captivating geometric wood wall sculpture! Crafted from rich, natural wood, its intricate shapes and playful design bring warmth and creativity to any space. The perfect blend of art and nature, this sculpture invites curiosity and sparks conversation in a friendly, inviting way!', '5', '740', '1', '9/30/24', null, 'https://images.saatchiart.com/saatchi/740962/art/9872749/8935695-OBPZITAG-6.jpg');
INSERT INTO products ([seller_id], [type], [name], [description], [category_id], [price], [quantity], [created_at], [deleted_at], [image]) VALUES (1, 1, 'Les lignes aux cubes IV - Limited Edition of 25', 'Experience the charm of a  with this captivating geometric wood wall sculpture! Crafted from rich, natural wood, its intricate shapes and playful design bring warmth and creativity to any space. The perfect blend of art and nature, this sculpture invites curiosity and sparks conversation in a friendly, inviting way!', '5', '740', '4', '9/30/24', null, 'https://images.saatchiart.com/saatchi/740962/art/9173463/8236615-QNTDRWAI-6.jpg');
INSERT INTO products ([seller_id], [type], [name], [description], [category_id], [price], [quantity], [created_at], [deleted_at], [image]) VALUES (1, 1, 'Lespace de la forme V', 'Experience the charm of a  with this captivating geometric wood wall sculpture! Crafted from rich, natural wood, its intricate shapes and playful design bring warmth and creativity to any space. The perfect blend of art and nature, this sculpture invites curiosity and sparks conversation in a friendly, inviting way!', '5', '740', '5', '9/30/24', null, 'https://images.saatchiart.com/saatchi/740962/art/2929201/1999094-TMTCDNZS-6.jpg');
INSERT INTO products ([seller_id], [type], [name], [description], [category_id], [price], [quantity], [created_at], [deleted_at], [image]) VALUES (1, 1, 'Londe visuelle VI', 'Experience the charm of a  with this captivating geometric wood wall sculpture! Crafted from rich, natural wood, its intricate shapes and playful design bring warmth and creativity to any space. The perfect blend of art and nature, this sculpture invites curiosity and sparks conversation in a friendly, inviting way!', '5', '740', '6', '9/30/24', null, 'https://images.saatchiart.com/saatchi/740962/art/9271995/8335107-CRTQWULE-6.jpg');
INSERT INTO products ([seller_id], [type], [name], [description], [category_id], [price], [quantity], [created_at], [deleted_at], [image]) VALUES (1, 1, 'Madagascan Beauty (Frame Incl.) - Limited Edition of 5', 'Experience the charm of a  with this captivating geometric wood wall sculpture! Crafted from rich, natural wood, its intricate shapes and playful design bring warmth and creativity to any space. The perfect blend of art and nature, this sculpture invites curiosity and sparks conversation in a friendly, inviting way!', '6', '17170', '6', '9/30/24', null, 'https://images.saatchiart.com/saatchi/908925/art/11339885/10402147-PMXPWOOO-6.jpg');
INSERT INTO products ([seller_id], [type], [name], [description], [category_id], [price], [quantity], [created_at], [deleted_at], [image]) VALUES (1, 1, 'Magnolias In Bloom', 'Experience the charm of a  with this captivating geometric wood wall sculpture! Crafted from rich, natural wood, its intricate shapes and playful design bring warmth and creativity to any space. The perfect blend of art and nature, this sculpture invites curiosity and sparks conversation in a friendly, inviting way!', '1', '570', '6', '9/30/24', null, 'pro14.jpg');
INSERT INTO products ([seller_id], [type], [name], [description], [category_id], [price], [quantity], [created_at], [deleted_at], [image]) VALUES (1, 1, 'Marcel Broodthaers #5', 'Experience the charm of a  with this captivating geometric wood wall sculpture! Crafted from rich, natural wood, its intricate shapes and playful design bring warmth and creativity to any space. The perfect blend of art and nature, this sculpture invites curiosity and sparks conversation in a friendly, inviting way!', '1', '975', '5', '9/30/24', null, 'pro15.jpg');
INSERT INTO products ([seller_id], [type], [name], [description], [category_id], [price], [quantity], [created_at], [deleted_at], [image]) VALUES (1, 1, 'Mater #9 - Limited Edition of 20', 'Experience the charm of a  with this captivating geometric wood wall sculpture! Crafted from rich, natural wood, its intricate shapes and playful design bring warmth and creativity to any space. The perfect blend of art and nature, this sculpture invites curiosity and sparks conversation in a friendly, inviting way!', '6', '950', '6', '9/30/24', null, 'https://images.saatchiart.com/saatchi/1037963/art/7539887/6608639-HSC00001-6.jpg');
INSERT INTO products ([seller_id], [type], [name], [description], [category_id], [price], [quantity], [created_at], [deleted_at], [image]) VALUES (1, 1, 'medina', 'Experience the charm of a  with this captivating geometric wood wall sculpture! Crafted from rich, natural wood, its intricate shapes and playful design bring warmth and creativity to any space. The perfect blend of art and nature, this sculpture invites curiosity and sparks conversation in a friendly, inviting way!', '3', '1020', '1', '9/30/24', null, 'https://images.saatchiart.com/saatchi/1058252/art/9933171/8996089-PXJAEOOG-6.jpg');
INSERT INTO products ([seller_id], [type], [name], [description], [category_id], [price], [quantity], [created_at], [deleted_at], [image]) VALUES (1, 1, 'migration 07', 'Experience the charm of a  with this captivating geometric wood wall sculpture! Crafted from rich, natural wood, its intricate shapes and playful design bring warmth and creativity to any space. The perfect blend of art and nature, this sculpture invites curiosity and sparks conversation in a friendly, inviting way!', '3', '1160', '6', '9/30/24', null, 'https://images.saatchiart.com/saatchi/735088/art/11767767/10830007-DXYYZMDB-6.jpg');
INSERT INTO products ([seller_id], [type], [name], [description], [category_id], [price], [quantity], [created_at], [deleted_at], [image]) VALUES (1, 1, 'Minimalist Figures 20-4', 'Experience the charm of a  with this captivating geometric wood wall sculpture! Crafted from rich, natural wood, its intricate shapes and playful design bring warmth and creativity to any space. The perfect blend of art and nature, this sculpture invites curiosity and sparks conversation in a friendly, inviting way!', '2', '180', '6', '9/30/24', null, 'https://images.saatchiart.com/saatchi/313699/art/8125587/7192053-HSC00001-6.jpg');
INSERT INTO products ([seller_id], [type], [name], [description], [category_id], [price], [quantity], [created_at], [deleted_at], [image]) VALUES (1, 1, 'Monolith kubrick is back', 'Experience the charm of a  with this captivating geometric wood wall sculpture! Crafted from rich, natural wood, its intricate shapes and playful design bring warmth and creativity to any space. The perfect blend of art and nature, this sculpture invites curiosity and sparks conversation in a friendly, inviting way!', '4', '18700', '7', '9/30/24', null, 'https://images.saatchiart.com/saatchi/663981/art/3465827/2535714-VMLEQRTU-6.jpg');
INSERT INTO products ([seller_id], [type], [name], [description], [category_id], [price], [quantity], [created_at], [deleted_at], [image]) VALUES (1, 1, 'Moon Aura #05', 'Experience the charm of a  with this captivating geometric wood wall sculpture! Crafted from rich, natural wood, its intricate shapes and playful design bring warmth and creativity to any space. The perfect blend of art and nature, this sculpture invites curiosity and sparks conversation in a friendly, inviting way!', '4', '870', '7', '9/30/24', null, 'https://www.saatchiart.com/saatchi-images/saatchi/387561/art/4636839/3706675-CQKLJVEE-6.jpg');
INSERT INTO products ([seller_id], [type], [name], [description], [category_id], [price], [quantity], [created_at], [deleted_at], [image]) VALUES (1, 1, 'Moving On', 'Experience the charm of a  with this captivating geometric wood wall sculpture! Crafted from rich, natural wood, its intricate shapes and playful design bring warmth and creativity to any space. The perfect blend of art and nature, this sculpture invites curiosity and sparks conversation in a friendly, inviting way!', '3', '1730', '2', '9/30/24', null, 'https://images.saatchiart.com/saatchi/209768/art/11108449/10170729-NBDKQWLQ-6.jpg');
INSERT INTO products ([seller_id], [type], [name], [description], [category_id], [price], [quantity], [created_at], [deleted_at], [image]) VALUES (1, 1, 'My Happy Place', 'Experience the charm of a  with this captivating geometric wood wall sculpture! Crafted from rich, natural wood, its intricate shapes and playful design bring warmth and creativity to any space. The perfect blend of art and nature, this sculpture invites curiosity and sparks conversation in a friendly, inviting way!', '4', '2750', '5', '9/30/24', null, 'https://images.saatchiart.com/saatchi/779963/art/10912885/9975295-ZBHBLKUJ-6.jpg');
INSERT INTO products ([seller_id], [type], [name], [description], [category_id], [price], [quantity], [created_at], [deleted_at], [image]) VALUES (1, 1, 'My land on a windy day', 'Experience the charm of a  with this captivating geometric wood wall sculpture! Crafted from rich, natural wood, its intricate shapes and playful design bring warmth and creativity to any space. The perfect blend of art and nature, this sculpture invites curiosity and sparks conversation in a friendly, inviting way!', '1', '1550', '6', '9/30/24', null, 'pro16.jpg');
INSERT INTO products ([seller_id], [type], [name], [description], [category_id], [price], [quantity], [created_at], [deleted_at], [image]) VALUES (1, 1, 'Neanderthal', 'Experience the charm of a  with this captivating geometric wood wall sculpture! Crafted from rich, natural wood, its intricate shapes and playful design bring warmth and creativity to any space. The perfect blend of art and nature, this sculpture invites curiosity and sparks conversation in a friendly, inviting way!', '2', '190', '7', '9/30/24', null, 'https://images.saatchiart.com/saatchi/313699/art/8067217/7134210-HSC00001-6.jpg');
INSERT INTO products ([seller_id], [type], [name], [description], [category_id], [price], [quantity], [created_at], [deleted_at], [image]) VALUES (1, 1, 'Olive grove No 40', 'Experience the charm of a  with this captivating geometric wood wall sculpture! Crafted from rich, natural wood, its intricate shapes and playful design bring warmth and creativity to any space. The perfect blend of art and nature, this sculpture invites curiosity and sparks conversation in a friendly, inviting way!', '2', '320', '2', '9/30/24', null, 'https://images.saatchiart.com/saatchi/601549/art/11136015/10198291-EKTVOCFL-6.jpg');
INSERT INTO products ([seller_id], [type], [name], [description], [category_id], [price], [quantity], [created_at], [deleted_at], [image]) VALUES (1, 1, 'Oltre', 'Experience the charm of a  with this captivating geometric wood wall sculpture! Crafted from rich, natural wood, its intricate shapes and playful design bring warmth and creativity to any space. The perfect blend of art and nature, this sculpture invites curiosity and sparks conversation in a friendly, inviting way!', '5', '380', '3', '9/30/24', null, 'https://images.saatchiart.com/saatchi/143288/art/11678411/10740651-GURHOXUG-6.jpg');
INSERT INTO products ([seller_id], [type], [name], [description], [category_id], [price], [quantity], [created_at], [deleted_at], [image]) VALUES (1, 1, 'Ondulation', 'Experience the charm of a  with this captivating geometric wood wall sculpture! Crafted from rich, natural wood, its intricate shapes and playful design bring warmth and creativity to any space. The perfect blend of art and nature, this sculpture invites curiosity and sparks conversation in a friendly, inviting way!', '2', '5450', '5', '9/30/24', null, 'https://images.saatchiart.com/saatchi/555517/art/3447731/2517618-HSC00002-6.jpg');
INSERT INTO products ([seller_id], [type], [name], [description], [category_id], [price], [quantity], [created_at], [deleted_at], [image]) VALUES (1, 1, 'one thousand four hundred forty-three', 'Experience the charm of a  with this captivating geometric wood wall sculpture! Crafted from rich, natural wood, its intricate shapes and playful design bring warmth and creativity to any space. The perfect blend of art and nature, this sculpture invites curiosity and sparks conversation in a friendly, inviting way!', '6', '620', '3', '9/30/24', null, 'https://images.saatchiart.com/saatchi/660150/art/8704223/7767778-MKZTRPHW-6.jpg');
INSERT INTO products ([seller_id], [type], [name], [description], [category_id], [price], [quantity], [created_at], [deleted_at], [image]) VALUES (1, 1, 'Open screen', 'Experience the charm of a  with this captivating geometric wood wall sculpture! Crafted from rich, natural wood, its intricate shapes and playful design bring warmth and creativity to any space. The perfect blend of art and nature, this sculpture invites curiosity and sparks conversation in a friendly, inviting way!', '4', '5330', '3', '9/30/24', null, 'https://images.saatchiart.com/saatchi/951165/art/11680201/10742441-ZLIXEQZB-6.jpg');
INSERT INTO products ([seller_id], [type], [name], [description], [category_id], [price], [quantity], [created_at], [deleted_at], [image]) VALUES (1, 1, 'Palm Springs', 'Experience the charm of a  with this captivating geometric wood wall sculpture! Crafted from rich, natural wood, its intricate shapes and playful design bring warmth and creativity to any space. The perfect blend of art and nature, this sculpture invites curiosity and sparks conversation in a friendly, inviting way!', '4', '5350', '4', '9/30/24', null, 'https://images.saatchiart.com/saatchi/735514/art/8279626/7344701-HSC00001-6.jpg');
INSERT INTO products ([seller_id], [type], [name], [description], [category_id], [price], [quantity], [created_at], [deleted_at], [image]) VALUES (1, 1, 'Pantheon', 'Experience the charm of a  with this captivating geometric wood wall sculpture! Crafted from rich, natural wood, its intricate shapes and playful design bring warmth and creativity to any space. The perfect blend of art and nature, this sculpture invites curiosity and sparks conversation in a friendly, inviting way!', '2', '360', '3', '9/30/24', null, 'https://images.saatchiart.com/saatchi/21615/art/5252179/4321995-HSC00001-6.jpg');
INSERT INTO products ([seller_id], [type], [name], [description], [category_id], [price], [quantity], [created_at], [deleted_at], [image]) VALUES (1, 1, 'Paris', 'Experience the charm of a  with this captivating geometric wood wall sculpture! Crafted from rich, natural wood, its intricate shapes and playful design bring warmth and creativity to any space. The perfect blend of art and nature, this sculpture invites curiosity and sparks conversation in a friendly, inviting way!', '3', '1420', '7', '9/30/24', null, 'https://images.saatchiart.com/saatchi/805291/art/11282727/10344997-BEGLOPMI-6.jpg');
INSERT INTO products ([seller_id], [type], [name], [description], [category_id], [price], [quantity], [created_at], [deleted_at], [image]) VALUES (1, 1, 'Passage', 'Experience the charm of a  with this captivating geometric wood wall sculpture! Crafted from rich, natural wood, its intricate shapes and playful design bring warmth and creativity to any space. The perfect blend of art and nature, this sculpture invites curiosity and sparks conversation in a friendly, inviting way!', '5', '200', '4', '9/30/24', null, 'https://images.saatchiart.com/saatchi/6147/art/2706666/1776559-NORMZVJF-6.jpg');
INSERT INTO products ([seller_id], [type], [name], [description], [category_id], [price], [quantity], [created_at], [deleted_at], [image]) VALUES (1, 1, 'Pine Claw', 'Experience the charm of a  with this captivating geometric wood wall sculpture! Crafted from rich, natural wood, its intricate shapes and playful design bring warmth and creativity to any space. The perfect blend of art and nature, this sculpture invites curiosity and sparks conversation in a friendly, inviting way!', '1', '6990', '6', '9/30/24', null, 'pro17.jpg');
INSERT INTO products ([seller_id], [type], [name], [description], [category_id], [price], [quantity], [created_at], [deleted_at], [image]) VALUES (1, 1, 'Plastic Dream', 'Experience the charm of a  with this captivating geometric wood wall sculpture! Crafted from rich, natural wood, its intricate shapes and playful design bring warmth and creativity to any space. The perfect blend of art and nature, this sculpture invites curiosity and sparks conversation in a friendly, inviting way!', '4', '8600', '3', '9/30/24', null, 'https://images.saatchiart.com/saatchi/71246/art/11979827/11042055-ZHJSXVJC-6.jpg');
INSERT INTO products ([seller_id], [type], [name], [description], [category_id], [price], [quantity], [created_at], [deleted_at], [image]) VALUES (1, 1, 'Poolside 66', 'Experience the charm of a  with this captivating geometric wood wall sculpture! Crafted from rich, natural wood, its intricate shapes and playful design bring warmth and creativity to any space. The perfect blend of art and nature, this sculpture invites curiosity and sparks conversation in a friendly, inviting way!', '5', '347', '2', '9/30/24', null, 'https://images.saatchiart.com/saatchi/806895/art/9308705/8371813-ZJPOXYGZ-6.jpg');
INSERT INTO products ([seller_id], [type], [name], [description], [category_id], [price], [quantity], [created_at], [deleted_at], [image]) VALUES (1, 1, 'Portrait 469', 'Experience the charm of a  with this captivating geometric wood wall sculpture! Crafted from rich, natural wood, its intricate shapes and playful design bring warmth and creativity to any space. The perfect blend of art and nature, this sculpture invites curiosity and sparks conversation in a friendly, inviting way!', '3', '1580', '2', '9/30/24', null, 'https://images.saatchiart.com/saatchi/337243/art/11108409/10170689-PWUGUCTE-6.jpg');
INSERT INTO products ([seller_id], [type], [name], [description], [category_id], [price], [quantity], [created_at], [deleted_at], [image]) VALUES (1, 1, 'Portrait No.112', 'Experience the charm of a  with this captivating geometric wood wall sculpture! Crafted from rich, natural wood, its intricate shapes and playful design bring warmth and creativity to any space. The perfect blend of art and nature, this sculpture invites curiosity and sparks conversation in a friendly, inviting way!', '6', '530', '3', '9/30/24', null, 'https://images.saatchiart.com/saatchi/546753/art/9010507/8073875-ONLJVNTJ-6.jpg');
INSERT INTO products ([seller_id], [type], [name], [description], [category_id], [price], [quantity], [created_at], [deleted_at], [image]) VALUES (1, 1, 'Positive Energy', 'Experience the charm of a  with this captivating geometric wood wall sculpture! Crafted from rich, natural wood, its intricate shapes and playful design bring warmth and creativity to any space. The perfect blend of art and nature, this sculpture invites curiosity and sparks conversation in a friendly, inviting way!', '4', '3150', '5', '9/30/24', null, 'https://images.saatchiart.com/saatchi/779963/art/7677050/6745351-HSC00002-6.jpg');
INSERT INTO products ([seller_id], [type], [name], [description], [category_id], [price], [quantity], [created_at], [deleted_at], [image]) VALUES (1, 1, 'Proud', 'Experience the charm of a  with this captivating geometric wood wall sculpture! Crafted from rich, natural wood, its intricate shapes and playful design bring warmth and creativity to any space. The perfect blend of art and nature, this sculpture invites curiosity and sparks conversation in a friendly, inviting way!', '1', '14760', '5', '9/30/24', null, 'pro18.jpg');
INSERT INTO products ([seller_id], [type], [name], [description], [category_id], [price], [quantity], [created_at], [deleted_at], [image]) VALUES (1, 1, 'provocation', 'Experience the charm of a  with this captivating geometric wood wall sculpture! Crafted from rich, natural wood, its intricate shapes and playful design bring warmth and creativity to any space. The perfect blend of art and nature, this sculpture invites curiosity and sparks conversation in a friendly, inviting way!', '3', '3360', '2', '9/30/24', null, 'https://images.saatchiart.com/saatchi/420360/art/2396471/1466564-HSC00001-6.jpg');
INSERT INTO products ([seller_id], [type], [name], [description], [category_id], [price], [quantity], [created_at], [deleted_at], [image]) VALUES (1, 1, 'Quokka Happy', 'Experience the charm of a  with this captivating geometric wood wall sculpture! Crafted from rich, natural wood, its intricate shapes and playful design bring warmth and creativity to any space. The perfect blend of art and nature, this sculpture invites curiosity and sparks conversation in a friendly, inviting way!', '2', '630', '5', '9/30/24', null, 'https://images.saatchiart.com/saatchi/699252/art/9761781/8824853-IJKQTGYF-6.jpg');
INSERT INTO products ([seller_id], [type], [name], [description], [category_id], [price], [quantity], [created_at], [deleted_at], [image]) VALUES (1, 1, 'Red Circular', 'Experience the charm of a  with this captivating geometric wood wall sculpture! Crafted from rich, natural wood, its intricate shapes and playful design bring warmth and creativity to any space. The perfect blend of art and nature, this sculpture invites curiosity and sparks conversation in a friendly, inviting way!', '2', '2280', '4', '9/30/24', null, 'https://images.saatchiart.com/saatchi/400471/art/8447171/7511339-HSC00001-6.jpg');
INSERT INTO products ([seller_id], [type], [name], [description], [category_id], [price], [quantity], [created_at], [deleted_at], [image]) VALUES (1, 1, 'ROAM', 'Experience the charm of a  with this captivating geometric wood wall sculpture! Crafted from rich, natural wood, its intricate shapes and playful design bring warmth and creativity to any space. The perfect blend of art and nature, this sculpture invites curiosity and sparks conversation in a friendly, inviting way!', '5', '320', '4', '9/30/24', null, 'https://images.saatchiart.com/saatchi/350113/art/3013348/2083241-HSC00002-6.jpg');
INSERT INTO products ([seller_id], [type], [name], [description], [category_id], [price], [quantity], [created_at], [deleted_at], [image]) VALUES (1, 1, 'roll - Limited Edition 1 of 5', 'Experience the charm of a  with this captivating geometric wood wall sculpture! Crafted from rich, natural wood, its intricate shapes and playful design bring warmth and creativity to any space. The perfect blend of art and nature, this sculpture invites curiosity and sparks conversation in a friendly, inviting way!', '6', '520', '5', '9/30/24', null, 'https://images.saatchiart.com/saatchi/660150/art/4482087/3551927-IEPXRBZV-6.jpg');
INSERT INTO products ([seller_id], [type], [name], [description], [category_id], [price], [quantity], [created_at], [deleted_at], [image]) VALUES (1, 1, 'Saffron', 'Experience the charm of a  with this captivating geometric wood wall sculpture! Crafted from rich, natural wood, its intricate shapes and playful design bring warmth and creativity to any space. The perfect blend of art and nature, this sculpture invites curiosity and sparks conversation in a friendly, inviting way!', '1', '7290', '3', '9/30/24', null, 'pro19.jpg');
INSERT INTO products ([seller_id], [type], [name], [description], [category_id], [price], [quantity], [created_at], [deleted_at], [image]) VALUES (1, 1, 'Sgraffito 1072 ATLANTIS 100x70cm', 'Experience the charm of a  with this captivating geometric wood wall sculpture! Crafted from rich, natural wood, its intricate shapes and playful design bring warmth and creativity to any space. The perfect blend of art and nature, this sculpture invites curiosity and sparks conversation in a friendly, inviting way!', '2', '630', '7', '9/30/24', null, 'https://images.saatchiart.com/saatchi/44552/art/5198581/4268399-HSC00001-6.jpg');
INSERT INTO products ([seller_id], [type], [name], [description], [category_id], [price], [quantity], [created_at], [deleted_at], [image]) VALUES (1, 1, 'Sgraffito 1361 (ON CLIMATE CHANGE)', 'Experience the charm of a  with this captivating geometric wood wall sculpture! Crafted from rich, natural wood, its intricate shapes and playful design bring warmth and creativity to any space. The perfect blend of art and nature, this sculpture invites curiosity and sparks conversation in a friendly, inviting way!', '2', '630', '2', '9/30/24', null, 'https://images.saatchiart.com/saatchi/44552/art/8268744/7333906-HSC00001-6.jpg');
INSERT INTO products ([seller_id], [type], [name], [description], [category_id], [price], [quantity], [created_at], [deleted_at], [image]) VALUES (1, 1, 'Sgraffito 1407', 'Experience the charm of a  with this captivating geometric wood wall sculpture! Crafted from rich, natural wood, its intricate shapes and playful design bring warmth and creativity to any space. The perfect blend of art and nature, this sculpture invites curiosity and sparks conversation in a friendly, inviting way!', '2', '620', '6', '9/30/24', null, 'https://images.saatchiart.com/saatchi/44552/art/9273633/8336745-SVCFQCGE-6.jpg');
INSERT INTO products ([seller_id], [type], [name], [description], [category_id], [price], [quantity], [created_at], [deleted_at], [image]) VALUES (1, 1, 'Sgraffito 1466', 'Experience the charm of a  with this captivating geometric wood wall sculpture! Crafted from rich, natural wood, its intricate shapes and playful design bring warmth and creativity to any space. The perfect blend of art and nature, this sculpture invites curiosity and sparks conversation in a friendly, inviting way!', '2', '630', '7', '9/30/24', null, 'https://images.saatchiart.com/saatchi/44552/art/9493701/8556805-QWQYGHOD-6.jpg');
INSERT INTO products ([seller_id], [type], [name], [description], [category_id], [price], [quantity], [created_at], [deleted_at], [image]) VALUES (1, 1, 'Silva in Colors (Limited Edition 4 of 10)', 'Experience the charm of a  with this captivating geometric wood wall sculpture! Crafted from rich, natural wood, its intricate shapes and playful design bring warmth and creativity to any space. The perfect blend of art and nature, this sculpture invites curiosity and sparks conversation in a friendly, inviting way!', '5', '1040', '6', '9/30/24', null, 'https://images.saatchiart.com/saatchi/161286/art/2219572/1294832-HSC00923-6.jpg');
INSERT INTO products ([seller_id], [type], [name], [description], [category_id], [price], [quantity], [created_at], [deleted_at], [image]) VALUES (1, 1, 'Southern Seas III #2 - Limited Edition of 25', 'Experience the charm of a  with this captivating geometric wood wall sculpture! Crafted from rich, natural wood, its intricate shapes and playful design bring warmth and creativity to any space. The perfect blend of art and nature, this sculpture invites curiosity and sparks conversation in a friendly, inviting way!', '5', '2420', '7', '9/30/24', null, 'https://images.saatchiart.com/saatchi/912496/art/7496961/6565891-HSC00002-6.jpg');
INSERT INTO products ([seller_id], [type], [name], [description], [category_id], [price], [quantity], [created_at], [deleted_at], [image]) VALUES (1, 1, 'Spinel', 'Experience the charm of a  with this captivating geometric wood wall sculpture! Crafted from rich, natural wood, its intricate shapes and playful design bring warmth and creativity to any space. The perfect blend of art and nature, this sculpture invites curiosity and sparks conversation in a friendly, inviting way!', '3', '2480', '1', '9/30/24', null, 'https://images.saatchiart.com/saatchi/298050/art/9729193/8792289-PAUJRZLK-6.jpg');
INSERT INTO products ([seller_id], [type], [name], [description], [category_id], [price], [quantity], [created_at], [deleted_at], [image]) VALUES (1, 1, 'Sudden Chill', 'Experience the charm of a  with this captivating geometric wood wall sculpture! Crafted from rich, natural wood, its intricate shapes and playful design bring warmth and creativity to any space. The perfect blend of art and nature, this sculpture invites curiosity and sparks conversation in a friendly, inviting way!', '3', '930', '2', '9/30/24', null, 'https://images.saatchiart.com/saatchi/8619/art/11269713/10331983-DXCUGTVX-6.jpg');
INSERT INTO products ([seller_id], [type], [name], [description], [category_id], [price], [quantity], [created_at], [deleted_at], [image]) VALUES (1, 1, 'Summer Lake 02', 'Experience the charm of a  with this captivating geometric wood wall sculpture! Crafted from rich, natural wood, its intricate shapes and playful design bring warmth and creativity to any space. The perfect blend of art and nature, this sculpture invites curiosity and sparks conversation in a friendly, inviting way!', '1', '990', '2', '9/30/24', null, 'pro20.jpg');
INSERT INTO products ([seller_id], [type], [name], [description], [category_id], [price], [quantity], [created_at], [deleted_at], [image]) VALUES (1, 1, 'Summer On Patmos', 'Experience the charm of a  with this captivating geometric wood wall sculpture! Crafted from rich, natural wood, its intricate shapes and playful design bring warmth and creativity to any space. The perfect blend of art and nature, this sculpture invites curiosity and sparks conversation in a friendly, inviting way!', '1', '1300', '5', '9/30/24', null, 'pro21.jpg');
INSERT INTO products ([seller_id], [type], [name], [description], [category_id], [price], [quantity], [created_at], [deleted_at], [image]) VALUES (1, 1, 'Summer Trees Diptych', 'Experience the charm of a  with this captivating geometric wood wall sculpture! Crafted from rich, natural wood, its intricate shapes and playful design bring warmth and creativity to any space. The perfect blend of art and nature, this sculpture invites curiosity and sparks conversation in a friendly, inviting way!', '5', '570', '1', '9/30/24', null, 'https://images.saatchiart.com/saatchi/1138744/art/9502887/8565991-HSC00923-6.jpg');
INSERT INTO products ([seller_id], [type], [name], [description], [category_id], [price], [quantity], [created_at], [deleted_at], [image]) VALUES (1, 1, 'sun abstract minimal', 'Experience the charm of a  with this captivating geometric wood wall sculpture! Crafted from rich, natural wood, its intricate shapes and playful design bring warmth and creativity to any space. The perfect blend of art and nature, this sculpture invites curiosity and sparks conversation in a friendly, inviting way!', '4', '5350', '3', '9/30/24', null, 'https://images.saatchiart.com/saatchi/735514/art/8615951/7679642-UMOUXKLW-6.jpg');
INSERT INTO products ([seller_id], [type], [name], [description], [category_id], [price], [quantity], [created_at], [deleted_at], [image]) VALUES (1, 1, 'Sunset Tides - Limited Edition of 25', 'Experience the charm of a  with this captivating geometric wood wall sculpture! Crafted from rich, natural wood, its intricate shapes and playful design bring warmth and creativity to any space. The perfect blend of art and nature, this sculpture invites curiosity and sparks conversation in a friendly, inviting way!', '5', '3650', '1', '9/30/24', null, 'https://images.saatchiart.com/saatchi/912496/art/8478223/7542357-HSC00001-6.jpg');
INSERT INTO products ([seller_id], [type], [name], [description], [category_id], [price], [quantity], [created_at], [deleted_at], [image]) VALUES (1, 1, 'Supernova (monochrome 2)', 'Experience the charm of a  with this captivating geometric wood wall sculpture! Crafted from rich, natural wood, its intricate shapes and playful design bring warmth and creativity to any space. The perfect blend of art and nature, this sculpture invites curiosity and sparks conversation in a friendly, inviting way!', '4', '3280', '4', '9/30/24', null, 'https://images.saatchiart.com/saatchi/983547/art/11013343/10075637-FWQFOGMC-6.jpg');
INSERT INTO products ([seller_id], [type], [name], [description], [category_id], [price], [quantity], [created_at], [deleted_at], [image]) VALUES (1, 1, 'Supernova (part 1)', 'Experience the charm of a  with this captivating geometric wood wall sculpture! Crafted from rich, natural wood, its intricate shapes and playful design bring warmth and creativity to any space. The perfect blend of art and nature, this sculpture invites curiosity and sparks conversation in a friendly, inviting way!', '4', '3210', '4', '9/30/24', null, 'https://images.saatchiart.com/saatchi/983547/art/11016559/10078853-XIVXGFSZ-6.jpg');
INSERT INTO products ([seller_id], [type], [name], [description], [category_id], [price], [quantity], [created_at], [deleted_at], [image]) VALUES (1, 1, 'Surrealist Square - Theatre 1', 'Experience the charm of a  with this captivating geometric wood wall sculpture! Crafted from rich, natural wood, its intricate shapes and playful design bring warmth and creativity to any space. The perfect blend of art and nature, this sculpture invites curiosity and sparks conversation in a friendly, inviting way!', '2', '180', '4', '9/30/24', null, 'https://images.saatchiart.com/saatchi/313699/art/8291532/7356539-JOEUTADX-6.jpg');
INSERT INTO products ([seller_id], [type], [name], [description], [category_id], [price], [quantity], [created_at], [deleted_at], [image]) VALUES (1, 1, 'Synergy', 'Experience the charm of a  with this captivating geometric wood wall sculpture! Crafted from rich, natural wood, its intricate shapes and playful design bring warmth and creativity to any space. The perfect blend of art and nature, this sculpture invites curiosity and sparks conversation in a friendly, inviting way!', '4', '2380', '3', '9/30/24', null, 'https://images.saatchiart.com/saatchi/402751/art/4937063/4006887-MSTRRGFY-6.jpg');
INSERT INTO products ([seller_id], [type], [name], [description], [category_id], [price], [quantity], [created_at], [deleted_at], [image]) VALUES (1, 1, 'The Autumnal Portrait 5', 'Experience the charm of a  with this captivating geometric wood wall sculpture! Crafted from rich, natural wood, its intricate shapes and playful design bring warmth and creativity to any space. The perfect blend of art and nature, this sculpture invites curiosity and sparks conversation in a friendly, inviting way!', '2', '195', '3', '9/30/24', null, 'https://images.saatchiart.com/saatchi/313699/art/10133825/9196595-NVRMNZKK-6.jpg');
INSERT INTO products ([seller_id], [type], [name], [description], [category_id], [price], [quantity], [created_at], [deleted_at], [image]) VALUES (1, 1, 'The Brain', 'Experience the charm of a  with this captivating geometric wood wall sculpture! Crafted from rich, natural wood, its intricate shapes and playful design bring warmth and creativity to any space. The perfect blend of art and nature, this sculpture invites curiosity and sparks conversation in a friendly, inviting way!', '5', '200', '3', '9/30/24', null, 'https://images.saatchiart.com/saatchi/313699/art/9585925/8649025-QUXDHAMN-6.jpg');
INSERT INTO products ([seller_id], [type], [name], [description], [category_id], [price], [quantity], [created_at], [deleted_at], [image]) VALUES (1, 1, 'The chaos - Limited Edition of 5', 'Experience the charm of a  with this captivating geometric wood wall sculpture! Crafted from rich, natural wood, its intricate shapes and playful design bring warmth and creativity to any space. The perfect blend of art and nature, this sculpture invites curiosity and sparks conversation in a friendly, inviting way!', '5', '2070', '5', '9/30/24', null, 'https://images.saatchiart.com/saatchi/1132508/art/8872985/7936353-HSC00923-6.jpg');
INSERT INTO products ([seller_id], [type], [name], [description], [category_id], [price], [quantity], [created_at], [deleted_at], [image]) VALUES (1, 1, 'The Classical Portrait ESA1', 'Experience the charm of a  with this captivating geometric wood wall sculpture! Crafted from rich, natural wood, its intricate shapes and playful design bring warmth and creativity to any space. The perfect blend of art and nature, this sculpture invites curiosity and sparks conversation in a friendly, inviting way!', '2', '180', '1', '9/30/24', null, 'https://images.saatchiart.com/saatchi/313699/art/9355567/8418675-UMEXMJRA-6.jpg');
INSERT INTO products ([seller_id], [type], [name], [description], [category_id], [price], [quantity], [created_at], [deleted_at], [image]) VALUES (1, 1, 'The Confrontation', 'Experience the charm of a  with this captivating geometric wood wall sculpture! Crafted from rich, natural wood, its intricate shapes and playful design bring warmth and creativity to any space. The perfect blend of art and nature, this sculpture invites curiosity and sparks conversation in a friendly, inviting way!', '2', '190', '1', '9/30/24', null, 'https://images.saatchiart.com/saatchi/313699/art/9400147/8463255-ICRXSYSR-6.jpg');
INSERT INTO products ([seller_id], [type], [name], [description], [category_id], [price], [quantity], [created_at], [deleted_at], [image]) VALUES (1, 1, 'The Fisherman II - Limited Edition of 10', 'Experience the charm of a  with this captivating geometric wood wall sculpture! Crafted from rich, natural wood, its intricate shapes and playful design bring warmth and creativity to any space. The perfect blend of art and nature, this sculpture invites curiosity and sparks conversation in a friendly, inviting way!', '6', '1320', '4', '9/30/24', null, 'https://images.saatchiart.com/saatchi/115634/art/8925855/7989223-YNABLZWO-6.jpg');
INSERT INTO products ([seller_id], [type], [name], [description], [category_id], [price], [quantity], [created_at], [deleted_at], [image]) VALUES (1, 1, 'The Last Warning 4', 'Experience the charm of a  with this captivating geometric wood wall sculpture! Crafted from rich, natural wood, its intricate shapes and playful design bring warmth and creativity to any space. The perfect blend of art and nature, this sculpture invites curiosity and sparks conversation in a friendly, inviting way!', '5', '180', '2', '9/30/24', null, 'https://images.saatchiart.com/saatchi/313699/art/9428681/8491789-AHKPWCIH-6.jpg');
INSERT INTO products ([seller_id], [type], [name], [description], [category_id], [price], [quantity], [created_at], [deleted_at], [image]) VALUES (1, 1, 'the orange temptation', 'Experience the charm of a  with this captivating geometric wood wall sculpture! Crafted from rich, natural wood, its intricate shapes and playful design bring warmth and creativity to any space. The perfect blend of art and nature, this sculpture invites curiosity and sparks conversation in a friendly, inviting way!', '3', '3260', '5', '9/30/24', null, 'https://images.saatchiart.com/saatchi/420360/art/9174337/8237489-IKXSSQUY-6.jpg');
INSERT INTO products ([seller_id], [type], [name], [description], [category_id], [price], [quantity], [created_at], [deleted_at], [image]) VALUES (1, 1, 'The Order of  Chaos', 'Experience the charm of a  with this captivating geometric wood wall sculpture! Crafted from rich, natural wood, its intricate shapes and playful design bring warmth and creativity to any space. The perfect blend of art and nature, this sculpture invites curiosity and sparks conversation in a friendly, inviting way!', '2', '6160', '7', '9/30/24', null, 'https://images.saatchiart.com/saatchi/83504/art/1320473/613413-HSC00001-6.jpg');
INSERT INTO products ([seller_id], [type], [name], [description], [category_id], [price], [quantity], [created_at], [deleted_at], [image]) VALUES (1, 1, 'The Pig Suite No.7: Casting Pearls before Swine', 'Experience the charm of a  with this captivating geometric wood wall sculpture! Crafted from rich, natural wood, its intricate shapes and playful design bring warmth and creativity to any space. The perfect blend of art and nature, this sculpture invites curiosity and sparks conversation in a friendly, inviting way!', '5', '495', '1', '9/30/24', null, 'https://images.saatchiart.com/saatchi/790314/art/9319555/8382663-HSC00923-6.jpg');
INSERT INTO products ([seller_id], [type], [name], [description], [category_id], [price], [quantity], [created_at], [deleted_at], [image]) VALUES (1, 1, 'The portrait', 'Experience the charm of a  with this captivating geometric wood wall sculpture! Crafted from rich, natural wood, its intricate shapes and playful design bring warmth and creativity to any space. The perfect blend of art and nature, this sculpture invites curiosity and sparks conversation in a friendly, inviting way!', '2', '180', '6', '9/30/24', null, 'https://images.saatchiart.com/saatchi/313699/art/8515018/7579071-HSC00001-6.jpg');
INSERT INTO products ([seller_id], [type], [name], [description], [category_id], [price], [quantity], [created_at], [deleted_at], [image]) VALUES (1, 1, 'The Rain', 'Experience the charm of a  with this captivating geometric wood wall sculpture! Crafted from rich, natural wood, its intricate shapes and playful design bring warmth and creativity to any space. The perfect blend of art and nature, this sculpture invites curiosity and sparks conversation in a friendly, inviting way!', '3', '1390', '6', '9/30/24', null, 'https://images.saatchiart.com/saatchi/805291/art/11276927/10339197-CIGBNLSO-6.jpg');
INSERT INTO products ([seller_id], [type], [name], [description], [category_id], [price], [quantity], [created_at], [deleted_at], [image]) VALUES (1, 1, 'The sin inside 8 (waves)', 'Experience the charm of a  with this captivating geometric wood wall sculpture! Crafted from rich, natural wood, its intricate shapes and playful design bring warmth and creativity to any space. The perfect blend of art and nature, this sculpture invites curiosity and sparks conversation in a friendly, inviting way!', '3', '5920', '2', '9/30/24', null, 'https://images.saatchiart.com/saatchi/951165/art/10363015/9425631-AMOZEKTY-6.jpg');
INSERT INTO products ([seller_id], [type], [name], [description], [category_id], [price], [quantity], [created_at], [deleted_at], [image]) VALUES (1, 1, 'The Thinker', 'Experience the charm of a  with this captivating geometric wood wall sculpture! Crafted from rich, natural wood, its intricate shapes and playful design bring warmth and creativity to any space. The perfect blend of art and nature, this sculpture invites curiosity and sparks conversation in a friendly, inviting way!', '4', '2620', '6', '9/30/24', null, 'https://images.saatchiart.com/saatchi/402751/art/3088946/2158839-HSC00001-6.jpg');
INSERT INTO products ([seller_id], [type], [name], [description], [category_id], [price], [quantity], [created_at], [deleted_at], [image]) VALUES (1, 1, 'The yellow abstract 2', 'Experience the charm of a  with this captivating geometric wood wall sculpture! Crafted from rich, natural wood, its intricate shapes and playful design bring warmth and creativity to any space. The perfect blend of art and nature, this sculpture invites curiosity and sparks conversation in a friendly, inviting way!', '2', '180', '2', '9/30/24', null, 'https://images.saatchiart.com/saatchi/313699/art/8294199/7359190-HSC00001-6.jpg');
INSERT INTO products ([seller_id], [type], [name], [description], [category_id], [price], [quantity], [created_at], [deleted_at], [image]) VALUES (1, 1, 'Three olive trees', 'Experience the charm of a  with this captivating geometric wood wall sculpture! Crafted from rich, natural wood, its intricate shapes and playful design bring warmth and creativity to any space. The perfect blend of art and nature, this sculpture invites curiosity and sparks conversation in a friendly, inviting way!', '1', '390', '4', '9/30/24', null, 'pro22.jpg');
INSERT INTO products ([seller_id], [type], [name], [description], [category_id], [price], [quantity], [created_at], [deleted_at], [image]) VALUES (1, 1, 'Through Space', 'Experience the charm of a  with this captivating geometric wood wall sculpture! Crafted from rich, natural wood, its intricate shapes and playful design bring warmth and creativity to any space. The perfect blend of art and nature, this sculpture invites curiosity and sparks conversation in a friendly, inviting way!', '4', '7167', '7', '9/30/24', null, 'https://images.saatchiart.com/saatchi/862996/art/6081071/5150855-HSC00001-6.jpg');
INSERT INTO products ([seller_id], [type], [name], [description], [category_id], [price], [quantity], [created_at], [deleted_at], [image]) VALUES (1, 1, 'Tracery', 'Experience the charm of a  with this captivating geometric wood wall sculpture! Crafted from rich, natural wood, its intricate shapes and playful design bring warmth and creativity to any space. The perfect blend of art and nature, this sculpture invites curiosity and sparks conversation in a friendly, inviting way!', '4', '3600', '6', '9/30/24', null, 'https://images.saatchiart.com/saatchi/46126/art/11346035/10408297-INIJJEDL-6.jpg');
INSERT INTO products ([seller_id], [type], [name], [description], [category_id], [price], [quantity], [created_at], [deleted_at], [image]) VALUES (1, 1, 'Tsunami on Lampedusa - Limited Edition 2 of 6', 'Experience the charm of a  with this captivating geometric wood wall sculpture! Crafted from rich, natural wood, its intricate shapes and playful design bring warmth and creativity to any space. The perfect blend of art and nature, this sculpture invites curiosity and sparks conversation in a friendly, inviting way!', '3', '730', '4', '9/30/24', null, 'https://images.saatchiart.com/saatchi/5173/art/2547740/1617683-HSC00002-6.jpg');
INSERT INTO products ([seller_id], [type], [name], [description], [category_id], [price], [quantity], [created_at], [deleted_at], [image]) VALUES (1, 1, 'Un univers en soi IV', 'Experience the charm of a  with this captivating geometric wood wall sculpture! Crafted from rich, natural wood, its intricate shapes and playful design bring warmth and creativity to any space. The perfect blend of art and nature, this sculpture invites curiosity and sparks conversation in a friendly, inviting way!', '5', '740', '3', '9/30/24', null, 'https://images.saatchiart.com/saatchi/740962/art/9994513/9057431-ZGELITCR-6.jpg');
INSERT INTO products ([seller_id], [type], [name], [description], [category_id], [price], [quantity], [created_at], [deleted_at], [image]) VALUES (1, 1, 'Uncertainty 11', 'Experience the charm of a  with this captivating geometric wood wall sculpture! Crafted from rich, natural wood, its intricate shapes and playful design bring warmth and creativity to any space. The perfect blend of art and nature, this sculpture invites curiosity and sparks conversation in a friendly, inviting way!', '2', '190', '2', '9/30/24', null, 'https://images.saatchiart.com/saatchi/313699/art/8770671/7834152-HSC00923-6.jpg');
INSERT INTO products ([seller_id], [type], [name], [description], [category_id], [price], [quantity], [created_at], [deleted_at], [image]) VALUES (1, 1, 'Underwater Sanctuary2', 'Experience the charm of a  with this captivating geometric wood wall sculpture! Crafted from rich, natural wood, its intricate shapes and playful design bring warmth and creativity to any space. The perfect blend of art and nature, this sculpture invites curiosity and sparks conversation in a friendly, inviting way!', '2', '1840', '4', '9/30/24', null, 'https://images.saatchiart.com/saatchi/699252/art/9608049/8671149-EXWXPBVA-6.jpg');
INSERT INTO products ([seller_id], [type], [name], [description], [category_id], [price], [quantity], [created_at], [deleted_at], [image]) VALUES (1, 1, 'Universe', 'Experience the charm of a  with this captivating geometric wood wall sculpture! Crafted from rich, natural wood, its intricate shapes and playful design bring warmth and creativity to any space. The perfect blend of art and nature, this sculpture invites curiosity and sparks conversation in a friendly, inviting way!', '3', '5810', '7', '9/30/24', null, 'https://images.saatchiart.com/saatchi/425902/art/10572109/9634599-TMYZRQJG-6.jpg');
INSERT INTO products ([seller_id], [type], [name], [description], [category_id], [price], [quantity], [created_at], [deleted_at], [image]) VALUES (1, 1, 'Untitled #446', 'Experience the charm of a  with this captivating geometric wood wall sculpture! Crafted from rich, natural wood, its intricate shapes and playful design bring warmth and creativity to any space. The perfect blend of art and nature, this sculpture invites curiosity and sparks conversation in a friendly, inviting way!', '5', '530', '2', '9/30/24', null, 'https://images.saatchiart.com/saatchi/45206/art/11213795/10276065-BHOBFMBW-6.jpg');
INSERT INTO products ([seller_id], [type], [name], [description], [category_id], [price], [quantity], [created_at], [deleted_at], [image]) VALUES (1, 1, 'UNTITLED-Limited Edition 1 of 1.', 'Experience the charm of a  with this captivating geometric wood wall sculpture! Crafted from rich, natural wood, its intricate shapes and playful design bring warmth and creativity to any space. The perfect blend of art and nature, this sculpture invites curiosity and sparks conversation in a friendly, inviting way!', '5', '370', '5', '9/30/24', null, 'https://images.saatchiart.com/saatchi/216448/art/2879268/1949161-HSC00001-6.jpg');
INSERT INTO products ([seller_id], [type], [name], [description], [category_id], [price], [quantity], [created_at], [deleted_at], [image]) VALUES (1, 1, 'Upcycled Wall object Metallic waves 3', 'Experience the charm of a  with this captivating geometric wood wall sculpture! Crafted from rich, natural wood, its intricate shapes and playful design bring warmth and creativity to any space. The perfect blend of art and nature, this sculpture invites curiosity and sparks conversation in a friendly, inviting way!', '4', '980', '2', '9/30/24', null, 'https://images.saatchiart.com/saatchi/593840/art/10625323/9687809-NZVUVCSE-6.jpg');
INSERT INTO products ([seller_id], [type], [name], [description], [category_id], [price], [quantity], [created_at], [deleted_at], [image]) VALUES (1, 1, 'Uroboros 2', 'Experience the charm of a  with this captivating geometric wood wall sculpture! Crafted from rich, natural wood, its intricate shapes and playful design bring warmth and creativity to any space. The perfect blend of art and nature, this sculpture invites curiosity and sparks conversation in a friendly, inviting way!', '4', '7140', '4', '9/30/24', null, 'https://images.saatchiart.com/saatchi/951165/art/11443117/10505371-MEDUFTDI-6.jpg');
INSERT INTO products ([seller_id], [type], [name], [description], [category_id], [price], [quantity], [created_at], [deleted_at], [image]) VALUES (1, 1, 'V.G.8 - Limited Edition of 6', 'Experience the charm of a  with this captivating geometric wood wall sculpture! Crafted from rich, natural wood, its intricate shapes and playful design bring warmth and creativity to any space. The perfect blend of art and nature, this sculpture invites curiosity and sparks conversation in a friendly, inviting way!', '6', '765', '2', '9/30/24', null, 'https://images.saatchiart.com/saatchi/660150/art/8994419/8057787-LXUJHABK-6.jpg');
INSERT INTO products ([seller_id], [type], [name], [description], [category_id], [price], [quantity], [created_at], [deleted_at], [image]) VALUES (1, 1, 'Vincent #2017 - Limited Edition of 1', 'Experience the charm of a  with this captivating geometric wood wall sculpture! Crafted from rich, natural wood, its intricate shapes and playful design bring warmth and creativity to any space. The perfect blend of art and nature, this sculpture invites curiosity and sparks conversation in a friendly, inviting way!', '3', '1410', '4', '9/30/24', null, 'https://images.saatchiart.com/saatchi/416085/art/9009079/8072447-BFLXSEQC-6.jpg');
INSERT INTO products ([seller_id], [type], [name], [description], [category_id], [price], [quantity], [created_at], [deleted_at], [image]) VALUES (1, 1, 'Vincent goes Pop XIV - Limited Edition of 10', 'Experience the charm of a  with this captivating geometric wood wall sculpture! Crafted from rich, natural wood, its intricate shapes and playful design bring warmth and creativity to any space. The perfect blend of art and nature, this sculpture invites curiosity and sparks conversation in a friendly, inviting way!', '3', '800', '4', '9/30/24', null, 'https://images.saatchiart.com/saatchi/352287/art/8997607/8060975-PMQXMJWM-6.jpg');
INSERT INTO products ([seller_id], [type], [name], [description], [category_id], [price], [quantity], [created_at], [deleted_at], [image]) VALUES (1, 1, 'Waffle House - Print', 'Experience the charm of a  with this captivating geometric wood wall sculpture! Crafted from rich, natural wood, its intricate shapes and playful design bring warmth and creativity to any space. The perfect blend of art and nature, this sculpture invites curiosity and sparks conversation in a friendly, inviting way!', '3', '215', '4', '9/30/24', null, 'https://images.saatchiart.com/saatchi/1520277/art/11883343/10945583-NLMSZLRG-6.jpg');
INSERT INTO products ([seller_id], [type], [name], [description], [category_id], [price], [quantity], [created_at], [deleted_at], [image]) VALUES (1, 1, 'Walking The Dog. Etching. Edition of 12 etchings. Printed by the artist.', 'Experience the charm of a  with this captivating geometric wood wall sculpture! Crafted from rich, natural wood, its intricate shapes and playful design bring warmth and creativity to any space. The perfect blend of art and nature, this sculpture invites curiosity and sparks conversation in a friendly, inviting way!', '5', '510', '7', '9/30/24', null, 'https://images.saatchiart.com/saatchi/30411/art/1615805/819134-KZMFKJJT-6.jpg');
INSERT INTO products ([seller_id], [type], [name], [description], [category_id], [price], [quantity], [created_at], [deleted_at], [image]) VALUES (1, 1, 'Warm Embrace - Limited Edition', 'Experience the charm of a  with this captivating geometric wood wall sculpture! Crafted from rich, natural wood, its intricate shapes and playful design bring warmth and creativity to any space. The perfect blend of art and nature, this sculpture invites curiosity and sparks conversation in a friendly, inviting way!', '5', '380', '3', '9/30/24', null, 'https://images.saatchiart.com/saatchi/15479/art/2897690/1967583-HSC00001-6.jpg');
INSERT INTO products ([seller_id], [type], [name], [description], [category_id], [price], [quantity], [created_at], [deleted_at], [image]) VALUES (1, 1, 'Warm rust', 'Experience the charm of a  with this captivating geometric wood wall sculpture! Crafted from rich, natural wood, its intricate shapes and playful design bring warmth and creativity to any space. The perfect blend of art and nature, this sculpture invites curiosity and sparks conversation in a friendly, inviting way!', '1', '2140', '7', '9/30/24', null, 'pro23.jpg');
INSERT INTO products ([seller_id], [type], [name], [description], [category_id], [price], [quantity], [created_at], [deleted_at], [image]) VALUES (1, 1, 'What do you know? - Limited edition of 3 - Abstract', 'Experience the charm of a  with this captivating geometric wood wall sculpture! Crafted from rich, natural wood, its intricate shapes and playful design bring warmth and creativity to any space. The perfect blend of art and nature, this sculpture invites curiosity and sparks conversation in a friendly, inviting way!', '6', '555', '2', '9/30/24', null, 'https://images.saatchiart.com/saatchi/1136763/art/9365977/8429085-RTNLAHWI-6.jpg');
INSERT INTO products ([seller_id], [type], [name], [description], [category_id], [price], [quantity], [created_at], [deleted_at], [image]) VALUES (1, 1, 'What I Really Need', 'Experience the charm of a  with this captivating geometric wood wall sculpture! Crafted from rich, natural wood, its intricate shapes and playful design bring warmth and creativity to any space. The perfect blend of art and nature, this sculpture invites curiosity and sparks conversation in a friendly, inviting way!', '2', '470', '4', '9/30/24', null, 'https://images.saatchiart.com/saatchi/659742/art/7674193/6742505-BGWKWNUN-6.jpg');
INSERT INTO products ([seller_id], [type], [name], [description], [category_id], [price], [quantity], [created_at], [deleted_at], [image]) VALUES (1, 1, 'What now #3 - Limited Edition of 5', 'Experience the charm of a  with this captivating geometric wood wall sculpture! Crafted from rich, natural wood, its intricate shapes and playful design bring warmth and creativity to any space. The perfect blend of art and nature, this sculpture invites curiosity and sparks conversation in a friendly, inviting way!', '5', '1760', '5', '9/30/24', null, 'https://images.saatchiart.com/saatchi/416085/art/6942937/6012281-HSC00001-6.jpg');
INSERT INTO products ([seller_id], [type], [name], [description], [category_id], [price], [quantity], [created_at], [deleted_at], [image]) VALUES (1, 1, 'Within (Colour Space)', 'Experience the charm of a  with this captivating geometric wood wall sculpture! Crafted from rich, natural wood, its intricate shapes and playful design bring warmth and creativity to any space. The perfect blend of art and nature, this sculpture invites curiosity and sparks conversation in a friendly, inviting way!', '6', '6670', '5', '9/30/24', null, 'https://images.saatchiart.com/saatchi/952890/art/4792311/3862139-HSC00001-6.jpg');
INSERT INTO products ([seller_id], [type], [name], [description], [category_id], [price], [quantity], [created_at], [deleted_at], [image]) VALUES (1, 1, 'Within (Find comfort in the chaos)', 'Experience the charm of a  with this captivating geometric wood wall sculpture! Crafted from rich, natural wood, its intricate shapes and playful design bring warmth and creativity to any space. The perfect blend of art and nature, this sculpture invites curiosity and sparks conversation in a friendly, inviting way!', '6', '9670', '3', '9/30/24', null, 'https://images.saatchiart.com/saatchi/952890/art/4632723/3702559-HSC00001-6.jpg');
INSERT INTO products ([seller_id], [type], [name], [description], [category_id], [price], [quantity], [created_at], [deleted_at], [image]) VALUES (1, 1, 'Wooden figures (small)', 'Experience the charm of a  with this captivating geometric wood wall sculpture! Crafted from rich, natural wood, its intricate shapes and playful design bring warmth and creativity to any space. The perfect blend of art and nature, this sculpture invites curiosity and sparks conversation in a friendly, inviting way!', '4', '3850', '3', '9/30/24', null, 'https://images.saatchiart.com/saatchi/340755/art/8194779/7260640-MWUFUCHG-6.jpg');
INSERT INTO products ([seller_id], [type], [name], [description], [category_id], [price], [quantity], [created_at], [deleted_at], [image]) VALUES (1, 1, 'YELLOW PORTRAIT', 'Experience the charm of a  with this captivating geometric wood wall sculpture! Crafted from rich, natural wood, its intricate shapes and playful design bring warmth and creativity to any space. The perfect blend of art and nature, this sculpture invites curiosity and sparks conversation in a friendly, inviting way!', '1', '8010', '7', '9/30/24', null, 'pro24.jpg');
INSERT INTO products ([seller_id], [type], [name], [description], [category_id], [price], [quantity], [created_at], [deleted_at], [image]) VALUES (1, 1, 'You Are a Songbird', 'Experience the charm of a  with this captivating geometric wood wall sculpture! Crafted from rich, natural wood, its intricate shapes and playful design bring warmth and creativity to any space. The perfect blend of art and nature, this sculpture invites curiosity and sparks conversation in a friendly, inviting way!', '3', '1364', '2', '9/30/24', null, 'https://images.saatchiart.com/saatchi/85614/art/11732255/10794495-CWLYBWQH-6.jpg');
INSERT INTO products ([seller_id], [type], [name], [description], [category_id], [price], [quantity], [created_at], [deleted_at], [image]) VALUES (1, 1, 'ZAP', 'Experience the charm of a  with this captivating geometric wood wall sculpture! Crafted from rich, natural wood, its intricate shapes and playful design bring warmth and creativity to any space. The perfect blend of art and nature, this sculpture invites curiosity and sparks conversation in a friendly, inviting way!', '4', '1885', '2', '9/30/24', null, 'https://images.saatchiart.com/saatchi/840901/art/10870187/9932599-YKWKCVLW-6.jpg');
